순번	모펀드	모펀드명	설정해지구분	투자비율	종류형
모펀드	종류형모펀드명	종류형
자펀드	종류형자펀드명	최종모펀드	종류형모펀드	종류형자펀드	최종모부재	종류형모부재	종류형자부재	실질최종모펀드	최종모펀드명
1	02X66	한국투자중기채증권모투자신탁(채권)	공통	100.0	04D11	한국투자퇴직연금증권자투자신탁1호(채권)(모)	02X77	한국투자퇴직연금증권자투자신탁1호(채권)(C)	02X66	04D11	02X77	X	X	X	02X66	한국투자중기채증권모투자신탁(채권)
2	02X66				04D11		04D36	한국투자퇴직연금증권자투자신탁1호(채권)(C-J)	02X66	04D11	04D36	X	X	X	02X66	한국투자중기채증권모투자신탁(채권)
3	02X66				04D11		05K17	한국투자퇴직연금증권자투자신탁1호(채권)(C-e)	02X66	04D11	05K17	X	X	X	02X66	한국투자중기채증권모투자신탁(채권)
4	02X66				04D11		07P22	한국투자퇴직연금증권자투자신탁1호(채권)(C-I)	02X66	04D11	07P22	X	X	X	02X66	한국투자중기채증권모투자신탁(채권)
5	02X66		설정	60.0	04D13	한국투자퇴직연금한국의힘40증권자투자신탁1호(채권혼합)(모)	04D27	한국투자퇴직연금한국의힘40증권자투자신탁1호(채권혼합)(C-F)	02X66	04D13	04D27	X	X	X	02X66	한국투자중기채증권모투자신탁(채권)
6	02X66				04D13		04Z89	한국투자퇴직연금한국의힘40증권자투자신탁1호(채권혼합)(C)	02X66	04D13	04Z89	X	X	X	02X66	한국투자중기채증권모투자신탁(채권)
7	02X66				04D13		05K10	한국투자퇴직연금한국의힘40증권자투자신탁1호(채권혼합)(C-e)	02X66	04D13	05K10	X	X	X	02X66	한국투자중기채증권모투자신탁(채권)
