HideDate	ShowDate																																								
6/30/2026	7/14/2026																																								
																																									
																																									
2. 수탁고-세부분류							2. 수탁고-세부분류												최종모펀드유무	O				최종모펀드유무	O				최종모펀드유무	O											
종류형구분	(다중 항목)						종류형구분	(다중 항목)											제외조건					제외조건					제외조건												
모자구분	(다중 항목)						모자구분	(다중 항목)											운용부서	FI운용본부				운용부서	FI운용본부				운용부서	FI운용본부											
제외조건							제외조건												팀분류	FI운용1부				팀분류	FI운용2부				팀분류	해외FI운용부											
운용부서	(다중 항목)						운용부서	FI운용본부																																	
																			합계 : 기획실수탁고분류	열 레이블				합계 : 기획실수탁고분류	열 레이블				합계 : 기획실수탁고분류	열 레이블											
합계 : 기획실수탁고분류	열 레이블						합계 : 순자산(후)	열 레이블											행 레이블	2025-12-31 00:00:00+00:00	2026-07-14 00:00:00+00:00			행 레이블	2025-12-31 00:00:00+00:00	2026-07-14 00:00:00+00:00			행 레이블	2025-12-31 00:00:00+00:00	2026-07-14 00:00:00+00:00										
행 레이블	2024-12-31 00:00:00+00:00	2025-12-31 00:00:00+00:00	2026-05-31 00:00:00+00:00	2026-06-30 00:00:00+00:00	2026-07-14 00:00:00+00:00		행 레이블	2026-07-14 00:00:00+00:00											IBK연금보험변액채권형	251.61911397	312.71742423	61.098310260000005		현대커머셜한투단기채권형2	600.0	450.0	-150.0		삼성생명한투NEW에이스변액적립글로벌하이일드채권형(채권)	73.93454162		-73.93454162									
FI운용1부	85562.6140191	113994.94309588001	148295.68493591	128189.78735069997	137239.02443005		FI운용1부	13948790457238.0											MVP장기공M-2	0.00282112	0.00282112	0.0		현대카드한투단기채권형2	1000.0	900.0	-100.0		삼성생명한투NEW에이스변액적립이머징채권형(채권)	7.94817292		-7.94817292									
펀드	28702.68569117999	23879.22314462	24235.323133809998	22917.799237239982	22140.84771705999		펀드	2233751304190.0											개인연금공7	86.93684891	90.69587846	3.759029550000008		한화플러스UP변액연금 V파생혼합형(한국투자신탁채권)	951.61684161	951.61684161	0.0		투자풀ESG글로벌ETF일반사모증권투자신탁제1-2호UH(채권-재간접	3481.77859942	4223.69993145	741.92133203									
일임	7876.087882840001	11433.365161639998	10154.301255800001	10422.28948636	10416.698025540001		일임	1101130809432.0											개인연채혼모	135.27516902	124.22023506	-11.05493396		한화보장성변액채권형Ⅲ(한국투자신탁채권)	1704.67795678	1683.25815402	-21.41980276000004		한국투자ACE미국달러SOFR금리특별자산상장지수투자신탁(금리-파	3511.11867163	3617.2177704	106.09909877000018									
MMF	32294.781827529994	59993.93980076001	86166.72441308	72245.60384231	82722.64632284999		MMF	8418025107156.0											나라사랑M-1	9.35709651	9.54888426	0.1917877499999996		한화변액연금Ⅱ 채권형Ⅳ(한국투자신탁채권)		1219.11133877	1219.11133877		한국투자MF일반사모증권투자신탁9호(채권-재간접형)	1551.52963137	1631.62605258	80.09642121000002									
ETF	16689.05861755	18688.414988859997	27739.33613322	22604.094784790002	21958.832364600003		ETF	2195883236460.0											연기금일반사모증권투자신탁 제135-6호[국공채]	340.77619696		-340.77619696		한화변액CI혼합형(한국투자신탁채권)	2309.46171177	2218.76512434	-90.69658742999991		한국투자글로벌플렉스증권모투자신탁(USD)(채권혼합-재간접형)	50.59942196	28.02281025	-22.57661171									
FI운용2부	139132.25161587	163742.43703908997	149248.96376954997	149986.41739144002	150924.02552854		FI운용2부	17422007034492.0											일반적 채모	4.33021279	3.6020025	-0.7282102899999998		한화VUL적립가치주혼합형(한국투자신탁채권)	990.68833625	990.68833625	0.0		한국투자금리연계전문투자형사모증권투자신탁11호(채권-파생형)	561.66947224	629.99720977	68.32773753000004									
펀드	66955.97312716	91245.17740029999	76158.33918558998	76360.77885284001	77806.1645454		펀드	7732348344992.0											한국투자ACE26-06회사채(AA-이상)액티브증권상장지수투자신탁(채	1717.6486722		-1717.6486722		한국투자푸른씨앗일반사모증권투자신탁제1호[채권]	703.74888507	829.97197115	126.22308607999992		한국투자금리연계전문투자형사모증권투자신탁15호(채권-파생형)	1374.2733914	1473.04114608	98.76775468000005									
일임	72176.27848871	71236.81774974999	71700.88707049	72138.22577108	71629.63712975		일임	9540836304161.0											한국투자ACE5월만기자동연장회사채(AA-이상)액티브증권상장지수	432.65474653	451.46587818	18.811131649999993		한국투자크레딧형전문투자형사모증권투자신탁제1호(채권)	2304.25055603	2357.95293853	53.70238250000011		한국투자베이직일반사모증권투자신탁111호(채권-재간접형)	3862.91740893	4720.33905136	857.4216424299998									
ETF		1260.44188904	1389.73751347	1487.41276752	1488.22385339		ETF	148822385339.0											한국투자ACE8월만기자동연장회사채(AA-이상)액티브증권상장지수	790.1050788	1029.65188522	239.54680641999994		한국투자크레딧포커스증권모투자신탁(채권)	28095.51744567	9622.66018784	-18472.85725783		한국투자베이직전문투자사모107호(채권)		200.0	200.0									
해외FI운용부	44620.87512142	72203.52903883	82195.70321677998	83521.86247209	81540.42460964		해외FI운용부	8190706668846.0											한국투자P증권모투자신탁(국공채)	2156.43575878	1778.14154422	-378.29421456		한국투자크레딧포커스일반사모증권투자신탁2호(채권)	1290.01883072	995.75660921	-294.26222151000013		한국투자베이직전문투자사모108호(채권)		200.0	200.0									
펀드	13415.124568469997	22458.89921371	26702.715695149993	26664.987980799997	27585.765447569996		펀드	2706195279773.0											한국투자P증권모투자신탁(채권)	2097.57961702	2547.20607114	449.62645411999983		한국투자크레딧포커스일반사모증권투자신탁1호(채권)	1200.0	1005.0	-195.0		한국투자베이직전문투자형사모증권투자신탁101호(채권)		300.0	300.0									
일임	2048.21516983	2036.7963876899998	1955.08767269	2169.4267373000002	2184.05228018		일임	233419282587.0											한국투자RF전문투자형사모증권투자신탁제1호(국공채)	1179.30829002		-1179.30829002		한국투자예금채권1호(사회책임형)	1000.0	1000.0	0.0		한국투자베이직전문투자형사모증권투자신탁105호(채권)		300.0	300.0									
MMF	4102.11171872	3867.28250516	6080.443575550001	5821.700153809999	4723.22196773		MMF	546353615070.0											한국투자SH베이직일반사모증권투자신탁1호(채권-재간접형)	17.25329012	17.83044504	0.5771549200000017		한국투자시스템알파증권투자신탁(채권-파생형)(모)	2380.06254418	2378.228354	-1.8341901799999505		푸본현대변액글로벌채권형	11.08627117	11.30882197	0.2225508000000005									
ETF	25055.423664400005	43840.55093227	47457.456273389995	48865.74760018	47047.38491416		ETF	4704738491416.0											한국투자마스터증권모투자신탁(국공채)	58.40484818	59.7335805	1.3287323200000003		한국투자베이직전문투자형사모증권투자신탁71호(채권)	3869.15740723	4476.65344054	607.4960333099998		한국투자ACE미국30년국채액티브증권상장지수투자신탁(H)	21997.36072677	15495.32537279	-6502.03535398									
총합계	269315.74075639003	349940.9091738	379740.35192223993	361698.0672142299	369703.47456823		총합계	39561504160576.0											한국투자베이직일반사모증권투자신탁121호(채권)	1000.0	1000.0	0.0		한국투자베이직전문투자형사모증권투자신탁69호(채권)	6065.66442142	6580.6033649	514.9389434800005		한국글로벌채권EMP일임	1926.44414032	1926.44414032	0.0									
																			한국투자스마트코리아증권모투자신탁(채권)	468.13806258	440.19866258	-27.939399999999978		한국투자베이직전문투자형사모증권투자신탁67호(채권)	4879.48378026	5120.88866321	241.40488295000068		한국투자ACE미국하이일드액티브증권상장지수투자신탁(채권-재간	380.90829889	625.96804558	245.05974668999994									
																			한국투자신종개인연금증권전환형1(채권)	206.4683219	221.02971025	14.561388349999987		한국투자베이직전문투자형사모증권투자신탁105호(채권)	300.0		-300.0		한국투자베이직일반사모증권투자신탁119호(채권-재간접형)	266.42328024	437.23198071	170.80870047000002									
구분	2024-12-31 00:00:00+00:00	2025-12-31 00:00:00+00:00	2026-05-31 00:00:00+00:00	2026-06-30 00:00:00+00:00	2026-07-14 00:00:00+00:00	NAV	2026목표	달성률	YTD	QTD	MTD								한국투자퇴직연금국공채알파일반사모증권투자신탁1호(채권	5.89058514	6.0965967	0.20601156000000032		한국투자베이직전문투자형사모증권투자신탁101호(채권)	300.0		-300.0		투자풀글로벌ETF일반사모증권투자신탁제1-3호(채권-재간접형)	96.84563553	144.1873957	47.34176017									
운용1팀	85562.6140191	113994.94309588001	148295.68493591	128189.78735069997	137239.02443005	139487.90457238	25000.0	0.9297632533667993	23244.081334169983	-11056.660505859996	9049.237079350016								현대캐피탈한투_단기채권형3호	1000.0	1000.0	0.0		한국투자베이직전문투자사모108호(채권)	200.0		-200.0		글로벌금리연계안정형	17.38326166	17.50237062	0.11910896000000193									
펀드	28702.68569117999	23879.22314462	24235.323133809998	22917.799237239982	22140.84771705999	22337.5130419	15000.0	1.3315775972286652	-1738.3754275600077	-2094.475416750007	-776.9515201799913								한국채권상대가치201902	3937.35127304	3858.00543624	-79.34583679999969		한국투자베이직전문투자사모107호(채권)	200.0		-200.0		연기금일반사모증권투자신탁2-B3호[채권-재간접형]	3086.13936974	3916.13462717	829.99525743									
일임	7876.087882840001	11433.365161639998	10154.301255800001	10422.28948636	10416.698025540001	11011.30809432			-1016.6671360999972	262.3967697400003	-5.591460819998247								한국투자채안회사채전문투자형사모증권투자신탁1호(채권)	9922.84379027	12088.02580148	2165.1820112099995		한국투자베이직일반사모증권투자신탁139호(채권)		1000.0	1000.0		한국투자ACE미국30년국채액티브증권상장지수투자신탁(채권)	3406.49877101	3107.1393234	-299.35944760999973									
MMF	32294.781827529994	59993.93980076001	86166.72441308	72245.60384231	82722.64632284999	84180.25107156			22728.706522089982	-3444.078090230003	10477.042480539996								한국투자DB베이직일반사모증권투자신탁1호(채권-재간접형)	165.05424993	179.48295369	14.42870375999999		한국투자베이직일반사모증권투자신탁137호(채권)		2002.63267774	2002.63267774		한국투자ACE미국30년국채엔화노출액티브증권상장지수투자신탁[	962.12684154	630.31277704	-331.8140645									
ETF	16689.05861755	18688.414988859997	27739.33613322	22604.094784790002	21958.832364600003	21958.8323646	10000.0	0.32704173757400057	3270.417375740006	-5780.503768619998	-645.2624201899998								한국투자ACE11월만기자동연장회사채(AA-이상)액티브증권상장지수	975.41336752	939.38172899	-36.031638529999896		한국투자베이직일반사모증권투자신탁133호(채권형)	600.0	600.0	0.0		한국투자법인용달러MMF(USD)(모)	3826.30710133	4488.75505414	662.4479528099996									
운용2팀	139132.25161587	163742.43703908997	149248.96376954997	149986.41739144002	150924.02552854	174220.07034492	23000.0	-0.5573222395891296	-12818.41151054998	1675.0617589900212	937.6081370999746								한국투자ACE2월만기자동연장회사채(AA-이상)액티브증권상장지수	489.55746162	503.56271965	14.005258029999993		한국투자베이직일반사모증권투자신탁132호(채권)	800.0	800.0	0.0		한국투자MAN다이나믹인컴증권모투자신탁(USD)(채권-재간접형)	4740.85033548	3089.8421291	-1651.0082063799996									
펀드	66955.97312716	91245.17740029999	76158.33918558998	76360.77885284001	77806.1645454	77323.48344992	15000.0	-0.8697462316599985	-13439.012854899993	1647.8253598100127	1445.385692559983								채권형(채권3)	1322.95486861	1195.51788197	-127.43698663999999		한국투자베이직일반사모증권투자신탁130호(채권)	1000.0	1000.0	0.0		한국투자미국하이일드증권모투자신탁(USD)(채권-재간접형)	13.55710552	11.5309614	-2.0261441199999997									
일임	72176.27848871	71236.81774974999	71700.88707049	72138.22577108	71629.63712975	95408.36304161			392.81938000001537	-71.24994074000278	-508.58864133000316								한국투자신종개인용MMF1호(국공채)(모)	1001.38909354	989.12694176	-12.262151779999954		한국투자베이직일반사모증권투자신탁127호(채권)	1100.07105045	1005.00355253	-95.06749792000005		한국투자ACE미국10년국채액티브증권상장지수투자신탁(채권)	582.89114402	1045.91002842	463.01888439999993									
ETF	0.0	1260.44188904	1389.73751347	1487.41276752	1488.22385339	1488.22385339	8000.0	0.028472745543749994	227.78196434999995	98.48633991999986	0.8110858699999426								한국투자신종개인용MMF10호(모)	12963.95640824	14841.22965209	1877.2732438500007		한국투자베이직일반사모증권투자신탁125호(채권)	1000.0	1000.0	0.0		한국투자ACE미국10년국채액티브증권상장지수투자신탁(채권)(H)	182.76579067	343.51629146	160.75050079									
해외FI운용팀	44620.87512142	72203.52903883	82195.70321677998	83521.86247209	81540.42460964	81907.06668846	20000.0	0.4668447785404998	9336.895570809997	-655.2786071399751	-1981.437862449995								한국투자신종개인용MMF3호(모)	1879.32902352	1791.83406873	-87.49495479000007		한국투자베이직일반사모증권투자신탁124호(채권)	1326.85605152	1505.2021627	178.34611117999998		한국투자글로벌채권일반사모증권투자신탁CW-2호(채권-재간접형)	300.0	200.82021681	-99.17978319									
펀드	13415.124568469997	22458.89921371	26702.715695149993	26664.987980799997	27585.765447569996	27061.95279773	5000.0	1.2260123177839997	5126.866233859997	883.0497524200036	920.7774667699996								한국투자신종법인용MMF1(모)	1310.03486565	1711.69273721	401.6578715599999		한국투자베이직일반사모증권투자신탁123호(채권)	1000.0	1000.0	0.0		한국투자CapitalGroup글로벌하이일드오퍼튜니티증권모투자신탁(USD)(채권-재간접형)	115.34182293	87.67810263	-27.66372030000001									
일임	2048.21516983	2036.7963876899998	1955.08767269	2169.4267373000002	2184.05228018	2334.19282587			147.25589248999995	228.9646074899997	14.625542879999557								한국투자법인용MMF2호(국공채)(모)	26151.57661866	46995.10385063	20843.52723197		한국투자베이직일반사모증권투자신탁120호(채권형)	1000.0		-1000.0		한국투자WF일반사모증권투자신탁5호(채권-재간접형)	520.22567882	590.39659778	70.17091896									
MMF	4102.11171872	3867.28250516	6080.443575550001	5821.700153809999	4723.22196773	5463.5361507			855.9394625700002	-1357.2216078200008	-1098.4781860799994								한국투자라이프플랜증권투자신탁1호(채권)(모)	309.65342873	425.08827264	115.43484391000004		한국투자베이직일반사모증권투자신탁118호(채권)	1847.9860023	1958.9230278	110.93702549999989		투자풀ESG글로벌ETF일반사모증권투자신탁제1-1호H(채권-재간접형	824.73887218	637.26650903	-187.4723631500001									
ETF	25055.423664400005	43840.55093227	47457.456273389995	48865.74760018	47047.38491416	47047.38491416	15000.0	0.2137889321259999	3206.8339818899985	-410.0713592299944	-1818.362686020002								한국투자골드플랜연금증권전환형투자신탁1(국공채)(모)	202.24185578	185.21758971	-17.02426607000001		한국투자뉴에이스일반사모증권투자신탁9호(채권)(모)		1050.0	1050.0		한국투자GoldmanSachs글로벌하이일드인컴증권모투자신탁(USD)(채권)	772.89051419	330.48525051	-442.40526367999996									
본부 계	269315.74075639003	349940.9091738	379740.35192223993	361698.0672142299	369703.47456823	395615.04160576	68000.0	0.2906259616827935	19762.565394429956	-10036.87735400995	8005.407354000083								한국투자엄브렐러증권전환형1(채혼)(모)	43.29992899	40.27215728	-3.027771709999996		한국투자뉴에이스일반사모증권투자신탁8호(채권)(모)	1040.0	1040.0	0.0		한국투자옐로우엄브렐라글로벌채권일반사모투자신탁1호		1483.99164229	1483.99164229									
펀드	109073.78338680998	137583.29975863	127096.37801454998	125943.56607088	127532.77771002999	126722.94928955	35000.0	0.37307234492714236	-10050.522048600003	436.39969548000954	1589.2116391499876								한국투자신종개인용MMF5호(모)	2263.58243025	2558.05138554	294.46895528999994		한국투자뉴에이스일반사모증권투자신탁7호(채권)(모)	1049.2542192	1048.50536919	-0.7488500100000692		연기금일반사모달러MMF제1호(USD)		92.99685744	92.99685744									
일임	82100.58154138	84706.97929907999	83810.27599898001	84729.94199474	84230.38743547	108753.86396180002			-476.5918636099959	420.11143648998404	-499.5545592700073								무배당KB퇴직연금실적배당보험 채권형(모)	12.71206234	7.87000037	-4.84206197		한국투자뉴에이스일반사모증권투자신탁6호(채권)(모)	1040.0		-1040.0		한국투자ACE미국나스닥100채권혼합액티브ETF(채권혼합)	5083.96959149	9391.79461009	4307.8250186000005									
MMF	36396.893546249994	63861.22230592001	92247.16798863	78067.30399612	87445.86829058	89643.78722226			23584.645984659983	-4801.299698050003	9378.564294459997								삼성화재퇴직연금MMF재간접형(모)	43.78807502	40.0349436	-3.7531314200000025		한국투자뉴에이스일반사모증권투자신탁10호(채권)(모)		1050.0	1050.0		한국투자ACE미국S&P500채권혼합액티브증권ETF(채권혼합)	7318.50441649	12341.61831752	5023.11390103									
ETF	41744.482281950004	63789.40781017	76586.52992008	72957.25515249	70494.44113215001	91132.01107564999	33000.0	0.20318282793878814	6705.033321980009	-6092.088787929984	-2462.814020339996								프로미퇴직연금실적배당채권형2호(모)	4.71473833	3.42155158	-1.2931867500000003		한국투자금리연계전문투자형사모증권투자신탁17호(채권)	681.54260051	681.54260051	0.0		한국투자ACE미국달러단기채권액티브증권상장지수투자신탁(채	414.40667976	448.58237746	34.1756977									
																			무배당KB퇴직연금실적배당보험 배당주안정형1호(모)	27.72095277	27.18095777	-0.5399950000000011		한국투자WF전문투자형사모증권투자신탁1호(채권)	4489.60820422	4397.28050673	-92.32769748999999		한국투자JPMorgan글로벌하이일드		736.14611906	736.14611906									
																			한국투자e단기채증권투자신탁(채권)(모)	1964.05613704	1281.89116685	-682.1649701900001		한국투자WF단기일반사모증권투자신탁6호(채권)	1587.39715094		-1587.39715094		한국투자베이직일반사모증권투자신탁138호(채권-재간접형)		199.49318974	199.49318974									
																			한국투자매칭형일반사모증권투자신탁CW-2호(채권-파생형)	1023.6289821		-1023.6289821		한국투자RF전문투자형사모증권투자신탁제1호(국공채)		1781.30132158	1781.30132158		투자풀일반사모달러MMF2호(USD)		105.11596339	105.11596339									
4. 유형별 증감																			한국투자옐로우엄브렐라국내채권일반사모증권투자신탁1호(채권)	1220.58483386		-1220.58483386		한국투자MF전문투자형사모증권투자신탁3호(채권)	4596.7196875	6299.31070724	1702.5910197399999		IBK연금보험 미국하이일드채권형		228.79694727	228.79694727									
종류형구분	(다중 항목)																		한국투자채권SJ제1호	100.0		-100.0		한국투자ACE우량회사채(AA-이상)액티브증권상장지수투자신탁(채권)	1260.44188904	1488.22385339	227.78196434999995		한국투자베이직일반사모증권투자신탁134호(USD)(채권)		1076.453	1076.453									
모자구분	(다중 항목)																		한국투자채권SJ제2호	100.0		-100.0		한국채권크레딧3호	24984.48982289	24484.80002644	-499.68979644999854														
제외조건																			연기금일반사모증권투자신탁223-2호(채권)	544.44992035		-544.44992035		한국사모채권6호(회사)	8018.65601082	8018.65601082	0.0														
운용부서	(다중 항목)																		연기금일반사모증권투자신탁57호(채권)	121.90836918		-121.90836918		한국EverRich보험채권1호(사회책임형)	500.0	500.0	0.0														
																			ABL생명변액종신혼합1형(채권)	301.38315499	301.38315499	0.0		푸본현대생명원화크레딧채권형 RPA B	764.3872229		-764.3872229														
합계 : 기획실수탁고분류	열 레이블																		한국투자ACE중장기국공채액티브증권상장지수투자신탁(채권)	671.17450934	743.75959551	72.58508617000007		푸르덴셜변액유니버셜종신보험 배당혼합형(채권형)	1170.20849768	1269.56064697	99.35214929000017														
	FI운용1부		FI운용1부 요약	FI운용2부		FI운용2부 요약	해외FI운용부		해외FI운용부 요약										한국투자ACEKIS종합채권(AA-이상)액티브증권상장지수투자신탁	8107.13524666	10708.88488495	2601.749638289999		푸르덴셜변액연금보험안정혼합형1(채권형)	472.19944113	595.61789383	123.41845269999993														
행 레이블	2025-12-31 00:00:00+00:00	2026-07-14 00:00:00+00:00		2025-12-31 00:00:00+00:00	2026-07-14 00:00:00+00:00		2025-12-31 00:00:00+00:00	2026-07-14 00:00:00+00:00											한국투자초단기내일드림증권투자신탁(채권)(모)	326.79701712	353.5348709	26.737853779999966		푸르덴셜변액 VUL안정혼합형_채권	845.393327	1021.9724344	176.5791074														
채권	32081.579464470004	30013.29006546999	62094.86952994	132883.46019227	117490.69852903999	250374.15872130997	2706.9690777399996	4363.494719709999	7070.463797449998										한국투자베이직일반사모증권투자신탁128호(채권)	1000.0	1000.0	0.0		푸르덴셜변액 VA혼합형_채권	365.58324368	470.81775658	105.23451289999997														
채권파생	1023.6289821	403.93309513	1427.56207723	2381.5597615	2381.5597615	4763.119523	1935.94286364	2103.0383558500002	4038.9812194900005										한국투자신종법인용MMF15호(모)	69.64873867	66.78529637	-2.8634423000000027		푸르덴셜변액 SVUL&NVA단기안정채권형	47.57891586	67.10168919	19.52277333														
채권혼합	43.28463455	40.25818817	83.54282272																한국투자베이직일반사모증권투자신탁129호(USD)(채권)	585.28		-585.28		투자풀일반사모증권투자신탁제6호(채권)	2349.48186306	2470.3731184	120.89125534000004														
변액보험	1969.8490434599998	1892.5400179599997	3862.3890614199995	27216.97519628	29563.54338461	56780.51858089	110.35224737000001	257.60813986	367.96038723000004										한국투자신종법인용MMF3호(국공채)(모)	965.40297793	365.49004533	-599.9129326		투자풀일반사모증권투자신탁제6-2호(채권)		688.32218028	688.32218028														
재간접	182.30754005	197.31339873	379.62093877999996				19476.00813241	21124.452889329998	40600.46102174										한국투자ACEFTSEWGBIKorea증권상장지수투자신탁(채권)	191.3582423		-191.3582423		투자풀일반사모증권투자신탁제6-1호(채권)	2495.98842305	3132.32360094	636.3351778899996														
주식혼합	11.938641630000001	10.210977139999999	22.14961877																예금보험기금 국내채권형 유니버스 11호(은행)	3386.53014609	2463.67403245	-922.8561136399999		투자풀일반사모증권투자신탁제11호[채권]	2258.33956705	2474.38301475	216.0434476999999														
ETF	18688.414988859997	21958.832364600003	40647.24735346	1260.44188904	1488.22385339	2748.66574243	43840.55093227	47047.38491416	90887.93584643										예금보험기금 국내채권형 유니버스 12호(생보)	939.63469905	706.56088691	-233.07381213999997		투자풀일반사모증권투자신탁M-14호(채권)		299.85	299.85														
MMF	59993.93980076001	82722.64632284999	142716.58612361				3867.28250516	4723.22196773	8590.50447289										투자풀일반사모MMF11호(전문)	13347.72435256	13347.69107121	-0.03328135000083421		투자풀ESG일반사모증권투자신탁제5호(채권)	5524.85099552	6181.7841372	656.9331416800005														
재간접파생							266.42328024	437.23198071	703.65526095										한국투자ACE머니마켓액티브증권상장지수투자신탁(채권)	4651.03870393	6895.87586513	2244.8371612		투자풀ESG일반사모증권투자신탁M-20호(채권)		99.0	99.0														
혼합자산								1483.99164229	1483.99164229										한국투자TMF26-12만기형증권투자신탁(채권)(모)	205.19964581	206.17916211	0.9795163000000002		연기금일반사모증권투자신탁제195-10호(채권)	2004.83269246		-2004.83269246														
총합계	113994.94309588001	137239.02443005	251233.96752593003	163742.43703908997	150924.02552854	314666.46256763	72203.52903882999	81540.42460964	153743.95364847										한국투자TMF28-12만기형증권투자신탁(채권)(모)	220.44913056	221.23419901	0.7850684500000114		삼성생명한투인덱스업VA케이인덱스30혼합형(채권)	603.39692873	594.05946427	-9.337464459999978														
5. 펀드별 증감																			한국투자압축포트폴리오프리미어목표전환형증권투자2(주식)(모)	1.21558969		-1.21558969		삼성생명한투스마트VUL종신(3.0)채권형(채권)	1134.7075065	1023.79307729	-110.91442920999987														
																			한국투자베이직일반사모증권투자신탁135호(USD)(채권)		588.52	588.52		삼성생명한투스마트VUL종신(3.0)채권형(Sys)	1085.18894133	997.20878965	-87.98015168000006														
상위 10		(단위: 억 원)			하위 10		(단위: 억 원)			소속									한국투자베이직일반사모증권투자신탁136호(채권-파생형)		403.93309513	403.93309513		삼성생명한투스마트TOP변액연금(1.2)채권형(채권)	736.91773555	714.93770458	-21.98003097000003														
		2025-12-31 00:00:00+00:00	2026-07-14 00:00:00+00:00	증감			2025-12-31 00:00:00+00:00	2026-07-14 00:00:00+00:00	증감										한국투자ACE단기채권알파액티브증권상장지수투자신탁(채권)	662.32895996	686.24980697	23.92084700999999		삼성생명한투변액연금인덱스혼합형(채권)		1122.0040849	1122.0040849														
법인용MMF2호(국공채)(모)		26151.57661866	46995.10385063	20843.52723197	ACE26-06회사채(AA-이상)액티브증권상장지수투자신탁(채		1717.6486722	0.0	-1717.6486722	1부									한국투자베이직일반사모증권투자신탁140호(채권)		1000.0	1000.0		삼성생명한투변액연금(1.1)채권형(채권)	2140.37230745	2179.34315651	38.97084906000009														
ACEKIS종합채권(AA-이상)액티브증권상장지수투자신탁		8107.13524666	10708.88488495	2601.749638289999	옐로우엄브렐라국내채권일반사모1호(채권)		1220.58483386	0.0	-1220.58483386										한국투자채권SJ제3호		100.0	100.0		삼성생명한투변액연금(1.1)채권형(Sys)	2460.43535016	2460.43535016	0.0														
ACE머니마켓액티브증권상장지수투자신탁(채권)		4651.03870393	6895.87586513	2244.8371612	RF전문투자형사모제1호(국공채)		1179.30829002	0.0	-1179.30829002										한국투자채권SJ제4호		100.0	100.0		삼성생명한투리더스변액연금인덱스주식혼합형(채권)	343.20514492	341.32955293	-1.8755919900000322														
채안회사채전문투자형사모1호(채권)		9922.84379027	12088.02580148	2165.1820112099995	매칭형일반사모CW-2호(채권-파생형)		1023.6289821	0.0	-1023.6289821										한국투자채권SJ제5호		141.06149896	141.06149896		삼성생명한투리더스VUL종신채권형	1252.52368747	1218.59840671	-33.92528075999985														
신종개인용MMF10호(모)		12963.95640824	14841.22965209	1877.2732438500007	예금보험기금 국내채권형 유니버스 11호(은행)		3386.53014609	2463.67403245	-922.8561136399999										한국투자채권SJ제6호		154.85615302	154.85615302		삼성생명한투VUL혼합형(채권)	481.43201461	473.64392001	-7.788094600000022														
베이직일반사모137호(채권)		0.0	2002.63267774	2002.63267774	크레딧포커스증권모투자신탁(채권)		28095.51744567	9622.66018784	-18472.85725783	2부									무배당KB퇴직연금실적배당보험 채권형(A)	12.49645235	7.85706272	-4.63938963		라이나한투ESP	5210.24032638	5377.59691246	167.35658607999994														
RF전문투자형사모제1호(국공채)		0.0	1781.30132158	1781.30132158	연기금일반사모제195-10호(채권)		2004.83269246	0.0	-2004.83269246										무배당KB퇴직연금실적배당보험 채권형(B)	1.30077174	0.67942241	-0.62134933		교보생명변액연금보험II_채권(한국투신)	2087.36336051	2047.58770972	-39.77565078999987														
MF전문투자형사모3호(채권)		4596.7196875	6299.31070724	1702.5910197399999	WF단기일반사모6호(채권)		1587.39715094	0.0	-1587.39715094										삼성화재퇴직연금MMF재간접형(C)	45.01123796	41.20146218	-3.8097757800000025		교보생명VUL종신보험채권형_(채권_한투_일반)	896.8464134	865.62661561	-31.219797789999916														
교보생명 VUL종신보험혼합형_채권		2320.46071725	3553.01905945	1232.5583422	뉴에이스일반사모6호(채권)(모)		1040.0	0.0	-1040.0										프로미퇴직연금실적배당채권형2호(A)	4.87121745	3.54013192	-1.3310855299999997		교보생명 변액연금보험II 글로벌인덱스혼합형_채권	568.85980524	551.25128994	-17.608515300000022														
한화변액연금Ⅱ 채권형Ⅳ(신탁채권)		0.0	1219.11133877	1219.11133877	베이직일반사모120호(채권형)		1000.0	0.0	-1000.0										무배당KB퇴직연금실적배당보험 배당주안정형1호(A)	29.01132461	28.95463168	-0.05669293000000053		교보생명 VUL종신보험혼합형_채권	2320.46071725	3553.01905945	1232.5583422														
ACE미국S&P500채권혼합액티브증권ETF(채권혼합)		7318.50441649	12341.61831752	5023.11390103	ACE미국30년국채액티브증권상장지수투자신탁(H)		21997.36072677	15495.32537279	-6502.03535398	해외									무배당KB퇴직연금실적배당보험 배당주안정형1호(B)	1.20090178	0.68884586	-0.5120559199999999		교보국내채권1호	1942.06917048	1335.04079542	-607.0283750599999														
ACE미국나스닥100채권혼합액티브ETF(채권혼합)		5083.96959149	9391.79461009	4307.8250186000005	MAN다이나믹인컴증권모투자신탁(USD)(채권-재간접형)		4740.85033548	3089.8421291	-1651.0082063799996										한국투자TMF26-12만기형증권투자신탁(채권)(C-F)	10.0	10.0	0.0		SVUL&NVA채권형_채권3	953.7782912	932.19498692	-21.583304279999993														
옐로우엄브렐라글로벌채권일반사모투자신탁1호		0.0	1483.99164229	1483.99164229	GoldmanSachs글로벌하이일드인컴증권모투자신탁(USD)(채권)		772.89051419	330.48525051	-442.40526367999996										한국투자TMF28-12만기형증권투자신탁(채권)(C-F)	10.0	10.0	0.0																			
베이직일반사모134호(USD)(채권)		0.0	1076.453	1076.453	ACE미국30년국채엔화노출액티브증권상장지수투자신탁[		962.12684154	630.31277704	-331.8140645										한국투자TMF26-12만기형증권투자신탁(채권)(C-W)	195.0	195.0	0.0																			
베이직일반사모111호(채권-재간접형)		3862.91740893	4720.33905136	857.4216424299998	ACE미국30년국채액티브증권상장지수투자신탁(채권)		3406.49877101	3107.1393234	-299.35944760999973										한국투자TMF28-12만기형증권투자신탁(채권)(C-W)	209.98336847	209.98336847	0.0																			
																			한국투자TMF26-12만기형증권투자신탁(채권)(C-Re)	0.2	0.21233203	0.012332029999999994																			
																			한국투자TMF28-12만기형증권투자신탁(채권)(C-Re)	0.46699481	1.04736494	0.58037013																			
2. 수탁고-세부분류							2. 수탁고-세부분류												한국투자TMF26-12만기형증권투자신탁(채권)(C-P)		0.86	0.86																			
종류형구분	(모두)						종류형구분	(모두)											한국투자TMF28-12만기형증권투자신탁(채권)(C-Pe)		0.30035743	0.30035743																			
모자구분	(다중 항목)						모자구분	(다중 항목)											한국투자TMF26-12만기형증권투자신탁(채권)(C-Pe)		0.20150004	0.20150004																			
제외조건							제외조건												한국투자베이직일반사모증권투자신탁141호(채권)		301.0	301.0																			
운용부서	(다중 항목)						운용부서	(다중 항목)																																	
																																									
합계 : 수익자수탁고	열 레이블						합계 : 수익자수탁고	열 레이블							DB생명	17.38326166	17.50237062	0.11910896000000193																							
행 레이블	2025-12-31 00:00:00+00:00	2026-07-14 00:00:00+00:00					행 레이블	2025-12-31 00:00:00+00:00	2026-07-14 00:00:00+00:00						DB손해보험	9.585955779999999	2008.92051365	1999.33455787																							
DB생명	17.38326166	17.50237062	DB생명	17.38326166	17.50237062	0.11910896000000193	NH농협은행	1592.6399999999999	1594.26	NH농협은행	1592.6399999999999	1594.26	1.6200000000001182		KB라이프	3854.74171655	4357.26540789	502.52369133999946																							
DB손해보험	9.585955779999999	2008.92051365	DB손해보험	9.585955779999999	2008.92051365	1999.33455787	경남은행	500.0	500.0	경남은행	500.0	500.0	0.0		KB손해보험	40.43301511	35.05095814	-5.382056970000001																							
KB라이프	3854.74171655	4357.26540789	KB라이프	3854.74171655	4357.26540789	502.52369133999946	우리은행	1400.0	900.0	우리은행	1400.0	900.0	-500.0		NH성과보상기금	1847.9860023	1958.9230278	110.93702549999989																							
KB손해보험	40.43301511	35.05095814	KB손해보험	40.43301511	35.05095814	-5.382056970000001	한국밸류자산운용	1674.6626348250002	1529.25446086	한국밸류자산운용	1674.6626348250002	1529.25446086	-145.40817396500006		건강보험	1564.6271096	1524.2526845950001	-40.37442500499992																							
NH성과보상기금	1847.9860023	1958.9230278	NH성과보상기금	1847.9860023	1958.9230278	110.93702549999989	광주은행	500.0	500.0	광주은행	500.0	500.0	0.0		건설근로자공제회	3327.87953813	2357.95293853	-969.9265995999999																							
건강보험	1564.6271096	1524.2526845950001	건강보험	1564.6271096	1524.2526845950001	-40.37442500499992	부산은행		500.0	부산은행	0.0	500.0	500.0		공무원연금	1926.44414032	1926.44414032	0.0																							
건설근로자공제회	3327.87953813	2357.95293853	건설근로자공제회	3327.87953813	2357.95293853	-969.9265995999999	카카오뱅크		525.0	카카오뱅크	0.0	525.0	525.0		교보생명	7815.59946688	8352.52547014	536.9260032600005																							
공무원연금	1926.44414032	1926.44414032	공무원연금	1926.44414032	1926.44414032	0.0	총합계	5667.3026348250005	6048.51446086						국민연금	28921.841095929998	28342.80546268	-579.0356332499978																							
교보생명	7815.59946688	8352.52547014	교보생명	7815.59946688	8352.52547014	536.9260032600005									국토부(NH)	6148.24931887	7930.93675982	1782.6874409499997																							
국민연금	28921.841095929998	28342.80546268	국민연금	28921.841095929998	28342.80546268	-579.0356332499978									국토부(미래)	6597.23103398	4987.6771045099995	-1609.5539294700002																							
국토부(NH)	6148.24931887	7930.93675982	국토부(NH)	6148.24931887	7930.93675982	1782.6874409499997									기업은행	251.61911397	312.71742423	61.098310260000005																							
국토부(미래)	6597.23103398	4987.6771045099995	국토부(미래)	6597.23103398	4987.6771045099995	-1609.5539294700002									노동부(고용보험)	6206.339831779999	7626.09082591	1419.7509941300004																							
기업은행	251.61911397	312.71742423	기업은행	251.61911397	312.71742423	61.098310260000005									노동부(산재)	16415.22470173	18562.17681316	2146.9521114300005																							
노동부(고용보험)	6206.339831779999	7626.09082591	노동부(고용보험)	6206.339831779999	7626.09082591	1419.7509941300004									라이나생명	5210.24032638	5377.59691246	167.35658607999994																							
노동부(산재)	16415.22470173	18562.17681316	노동부(산재)	16415.22470173	18562.17681316	2146.9521114300005									방폐기금(신한)	1179.30829002	1781.30132158	601.99303156																							
라이나생명	5210.24032638	5377.59691246	라이나생명	5210.24032638	5377.59691246	167.35658607999994									삼성생명	10320.062331259998	11125.353507009999	805.2911757500005																							
방폐기금(신한)	1179.30829002	1781.30132158	방폐기금(신한)	1179.30829002	1781.30132158	601.99303156									삼성화재	88.79931298	81.23640578	-7.562907199999998																							
삼성생명	10320.062331259998	11125.353507009999	삼성생명	10320.062331259998	11125.353507009999	805.2911757500005									신한은행	500.0	1025.0	525.0																							
삼성화재	88.79931298	81.23640578	삼성화재	88.79931298	81.23640578	-7.562907199999998									신협중앙회	1000.0	1000.0	0.0																							
신한은행	500.0	1025.0	신한은행	500.0	1025.0	525.0									연기금풀(미래)	30379.74830837	33115.67474207	2735.9264336999986																							
신협중앙회	1000.0	1000.0	신협중앙회	1000.0	1000.0	0.0									연기금풀(삼성)	6098.10654869	4009.13148461	-2088.97506408																							
연기금풀(미래)	30379.74830837	33115.67474207	연기금풀(미래)	30379.74830837	33115.67474207	2735.9264336999986									우정사업본부	9518.65601082	9518.65601082	0.0																							
연기금풀(삼성)	6098.10654869	4009.13148461	연기금풀(삼성)	6098.10654869	4009.13148461	-2088.97506408									중퇴기금(미래)	266.42328024	437.23198071	170.80870047000002																							
우정사업본부	9518.65601082	9518.65601082	우정사업본부	9518.65601082	9518.65601082	0.0									중퇴기금(삼성)	703.74888507	829.97197115	126.22308607999992																							
중퇴기금(미래)	266.42328024	437.23198071	중퇴기금(미래)	266.42328024	437.23198071	170.80870047000002									채권시장안정펀드	9922.84379027	12088.02580148	2165.1820112099995																							
중퇴기금(삼성)	703.74888507	829.97197115	중퇴기금(삼성)	703.74888507	829.97197115	126.22308607999992									카카오뱅크	2000.0	2000.0	0.0																							
채권시장안정펀드	9922.84379027	12088.02580148	채권시장안정펀드	9922.84379027	12088.02580148	2165.1820112099995	종류형구분	(다중 항목)							키움증권	500.0	500.0	0.0																							
카카오뱅크	2000.0	2000.0	카카오뱅크	2000.0	2000.0	0.0	모자구분	(다중 항목)							푸본현대생명	775.47349407	11.30882197	-764.1646721																							
키움증권	500.0	500.0	키움증권	500.0	500.0	0.0	제외조건								한화생명	7250.52356661	7063.439794989999	-187.08377162000033																							
푸본현대생명	775.47349407	11.30882197	푸본현대생명	775.47349407	11.30882197	-764.1646721	운용부서	FI운용본부	1000.0						현대카드	1000.0	900.0	-100.0																							
한화생명	7250.52356661	7063.439794989999	한화생명	7250.52356661	7063.439794989999	-187.08377162000033			550.0						현대캐피탈	1000.0	1001.0	1.0																							
현대카드	1000.0	900.0	현대카드	1000.0	900.0	-100.0	합계 : 수익자수탁고	열 레이블	350.0						현대커머셜	600.0	450.0	-150.0																							
현대캐피탈	1000.0	1001.0	현대캐피탈	1000.0	1001.0	1.0	행 레이블	2024-12-31 00:00:00+00:00							국민은행	44.00945048	38.17996267	-5.829487809999996																							
현대커머셜	600.0	450.0	현대커머셜	600.0	450.0	-150.0	부산은행	222.83333333333334							KDB생명	1322.95486861	1195.51788197	-127.43698663999999																							
국민은행	44.00945048	38.17996267	국민은행	44.00945048	38.17996267	-5.829487809999996	총합계	222.83333333333334							ABL생명	301.38315499	301.38315499	0.0																							
KDB생명	1322.95486861	1195.51788197	KDB생명	1322.95486861	1195.51788197	-127.43698663999999									한국투자증권	2440.054355945	2000.758385475	-439.29597047000016																							
ABL생명	301.38315499	301.38315499	ABL생명	301.38315499	301.38315499	0.0									중소기업중앙회	1220.58483386	1483.99164229	263.4068084300002																							
한국투자증권	2440.054355945	2000.758385475	한국투자증권	2440.054355945	2000.758385475	-439.29597047000016									부산은행	292.64	294.26	1.6200000000000045																							
중소기업중앙회	1220.58483386	1483.99164229	중소기업중앙회	1220.58483386	1483.99164229	263.4068084300002									NH농협은행	400.0	400.0	0.0																							
부산은행	292.64	294.26	부산은행	292.64	294.26	1.6200000000000045									예금보험기금	4326.16484514	3170.2349193600003	-1155.9299257799994																							
NH농협은행	400.0	400.0	NH농협은행	400.0	400.0	0.0									스마일게이트	0.0	1076.453	1076.453																							
예금보험기금	4326.16484514	3170.2349193600003	예금보험기금	4326.16484514	3170.2349193600003	-1155.9299257799994									아이엠뱅크	300.0	300.0	0.0																							
스마일게이트		1076.453	스마일게이트	0.0	1076.453	1076.453									한투밸류자산운용	0.0	50.0	50.0																							
아이엠뱅크	300.0	300.0	아이엠뱅크	300.0	300.0	0.0									산림조합중앙회	0.0	495.91765197999996	495.91765197999996																							
한투밸류자산운용		50.0	한투밸류자산운용	0.0	50.0	50.0									IBK연금보험	0.0	228.79694727	228.79694727																							
산림조합중앙회		495.91765197999996	산림조합중앙회	0.0	495.91765197999996	495.91765197999996									NH농협은행	1592.6399999999999	1594.26	1.6200000000001182																							
IBK연금보험		228.79694727	IBK연금보험	0.0	228.79694727	228.79694727									경남은행	500.0	500.0	0.0																							
총합계	183906.91095639503	193651.66420263													우리은행	1400.0	900.0	-500.0																							
															한국밸류자산운용	1674.6626348250002	1529.25446086	-145.40817396500006																							
															광주은행	500.0	500.0	0.0																							
															부산은행	0.0	500.0	500.0																							
															카카오뱅크	0.0	525.0	525.0																							
																																									
																																									
																																									
																																									
																																									
																																									
																																									
																																									
																																									
																																									
																																									
																																									
																																									
																																									
																																									
																																									
																																									
																																									
																																									
																																									
																																									
																																									
																																									
																																									
																																									
																																									
																																									
																																									
																																									
																																									
																																									
																																									
																																									
																																									
																																									
																																									
																																									
																																									
																																									
																																									
																																									
																																									
																																									
																																									
																																									
																																									
																																									
																																									
																																									
																																									
																																									
																																									
																																									
																																									
																																									
																																									
																																									
																																									
																																									
																																									
																																									
																																									
																																									
																																									
																																									
																																									
																																									
																																									
																																									
																																									
																																									
																																									
																																									
																																									
																																									
																																									
																																									
																																									
																																									
																																									
																																									
																																									
																																									
																																									
																																									
																																									
																																									
																																									
																																									
																																									
																																									
																																									
																																									
																																									
																																									
																																									
																																									
																																									
																																									
																																									
																																									
																																									
																																									
																																									
																																									
																																									
																																									
																																									
																																									
																																									
																																									
																																									
																																									
																																									
																																									
																																									
																																									
																																									
																																									
																																									
																																									
																																									
																																									
																																									
																																									
																																									
																																									
																																									
																																									
																																									
																																									
																																									
																																									
																																									
																																									
																																									
																																									
																																									
																																									
																																									
																																									
																																									
																																									
																																									
																																									
																																									
																																									
																																									
																																									
																																									
																																									
																																									
																																									
																																									
																																									
																																									
																																									
																																									
																																									
																																									
																																									
																																									
																																									
																																									
																																									
																																									
																																									
																																									
																																									
																																									
																																									
