순번,모펀드,모펀드명,설정해지구분,투자비율,종류형모펀드,종류형모펀드명,종류형자펀드,종류형자펀드명,최종모펀드,종류형모펀드_k,종류형자펀드_l,최종모부재,종류형모부재,종류형자부재,실질최종모펀드,최종모펀드명
1,02X66,한국투자중기채증권모투자신탁(채권),공통,100,04D11,한국투자퇴직연금증권자투자신탁1호(채권)(모),02X77,한국투자퇴직연금증권자투자신탁1호(채권)(C),02X66,04D11,02X77,X,X,X,02X66,한국투자중기채증권모투자신탁(채권)
2,02X66,한국투자중기채증권모투자신탁(채권),,,04D11,,04D36,한국투자퇴직연금증권자투자신탁1호(채권)(C-J),02X66,04D11,04D36,X,X,X,02X66,한국투자중기채증권모투자신탁(채권)
3,02X66,한국투자중기채증권모투자신탁(채권),,,04D11,,05K17,한국투자퇴직연금증권자투자신탁1호(채권)(C-e),02X66,04D11,05K17,X,X,X,02X66,한국투자중기채증권모투자신탁(채권)
4,02X66,한국투자중기채증권모투자신탁(채권),,,04D11,,07P22,한국투자퇴직연금증권자투자신탁1호(채권)(C-I),02X66,04D11,07P22,X,X,X,02X66,한국투자중기채증권모투자신탁(채권)
5,02X66,한국투자중기채증권모투자신탁(채권),설정,60,04D13,한국투자퇴직연금한국의힘40증권자투자신탁1호(채권혼합)(모),04D27,한국투자퇴직연금한국의힘40증권자투자신탁1호(채권혼합)(C-F),02X66,04D13,04D27,X,X,X,02X66,한국투자중기채증권모투자신탁(채권)
6,02X66,한국투자중기채증권모투자신탁(채권),,,04D13,,04Z89,한국투자퇴직연금한국의힘40증권자투자신탁1호(채권혼합)(C),02X66,04D13,04Z89,X,X,X,02X66,한국투자중기채증권모투자신탁(채권)
7,02X66,한국투자중기채증권모투자신탁(채권),,,04D13,,05K10,한국투자퇴직연금한국의힘40증권자투자신탁1호(채권혼합)(C-e),02X66,04D13,05K10,X,X,X,02X66,한국투자중기채증권모투자신탁(채권)
8,02X66,한국투자중기채증권모투자신탁(채권),,,04D13,,05N97,한국투자퇴직연금한국의힘40증권자투자신탁1호(채권혼합)(C-J),02X66,04D13,05N97,X,X,X,02X66,한국투자중기채증권모투자신탁(채권)
9,02X66,한국투자중기채증권모투자신탁(채권),,,04D13,,05Z19,한국투자퇴직연금한국의힘40증권자투자신탁1호(채권혼합)(S-R),02X66,04D13,05Z19,X,X,X,02X66,한국투자중기채증권모투자신탁(채권)
10,02X66,한국투자중기채증권모투자신탁(채권),해지,60,04D13,한국투자퇴직연금한국의힘40증권자투자신탁1호(채권혼합)(모),04D27,한국투자퇴직연금한국의힘40증권자투자신탁1호(채권혼합)(C-F),02X66,04D13,04D27,X,X,X,02X66,한국투자중기채증권모투자신탁(채권)
11,02X66,한국투자중기채증권모투자신탁(채권),,,04D13,,04Z89,한국투자퇴직연금한국의힘40증권자투자신탁1호(채권혼합)(C),02X66,04D13,04Z89,X,X,X,02X66,한국투자중기채증권모투자신탁(채권)
12,02X66,한국투자중기채증권모투자신탁(채권),,,04D13,,05K10,한국투자퇴직연금한국의힘40증권자투자신탁1호(채권혼합)(C-e),02X66,04D13,05K10,X,X,X,02X66,한국투자중기채증권모투자신탁(채권)
13,02X66,한국투자중기채증권모투자신탁(채권),,,04D13,,05N97,한국투자퇴직연금한국의힘40증권자투자신탁1호(채권혼합)(C-J),02X66,04D13,05N97,X,X,X,02X66,한국투자중기채증권모투자신탁(채권)
14,02X66,한국투자중기채증권모투자신탁(채권),,,04D13,,05Z19,한국투자퇴직연금한국의힘40증권자투자신탁1호(채권혼합)(S-R),02X66,04D13,05Z19,X,X,X,02X66,한국투자중기채증권모투자신탁(채권)
15,02X66,한국투자중기채증권모투자신탁(채권),공통,60,04D15,한국투자퇴직연금마이스터40증권자투자신탁1호(채권혼합)(모),04881,한국투자퇴직연금마이스터40증권자투자신탁1호(채권혼합)(C),02X66,04D15,04881,X,X,X,02X66,한국투자중기채증권모투자신탁(채권)
16,02X66,한국투자중기채증권모투자신탁(채권),,,04D15,,04D33,한국투자퇴직연금마이스터40증권자투자신탁1호(채권혼합)(C-F),02X66,04D15,04D33,X,X,X,02X66,한국투자중기채증권모투자신탁(채권)
17,02X66,한국투자중기채증권모투자신탁(채권),,,04D15,,05K16,한국투자퇴직연금마이스터40증권자투자신탁1호(채권혼합)(C-e),02X66,04D15,05K16,X,X,X,02X66,한국투자중기채증권모투자신탁(채권)
18,02X66,한국투자중기채증권모투자신탁(채권),,60.5,04N22,한국투자퇴직연금롱텀밸류40증권자투자신탁1호(채권혼합)(모),03V22,한국투자퇴직연금롱텀밸류40증권자투자신탁1호(채권혼합)(C-J),02X66,04N22,03V22,X,X,X,02X66,한국투자중기채증권모투자신탁(채권)
19,02X66,한국투자중기채증권모투자신탁(채권),,,04N22,,04Z93,한국투자퇴직연금롱텀밸류40증권자투자신탁1호(채권혼합)(C),02X66,04N22,04Z93,X,X,X,02X66,한국투자중기채증권모투자신탁(채권)
20,02X66,한국투자중기채증권모투자신탁(채권),,,04N22,,05K12,한국투자퇴직연금롱텀밸류40증권자투자신탁1호(채권혼합)(C-e),02X66,04N22,05K12,X,X,X,02X66,한국투자중기채증권모투자신탁(채권)
21,02X66,한국투자중기채증권모투자신탁(채권),,,05A98,한국투자퇴직연금중소밸류40증권자투자신탁1호(채권혼합)(모),04Z91,한국투자퇴직연금중소밸류40증권자투자신탁1호(채권혼합)(C),02X66,05A98,04Z91,X,X,X,02X66,한국투자중기채증권모투자신탁(채권)
22,02X66,한국투자중기채증권모투자신탁(채권),,,05A98,,05A99,한국투자퇴직연금중소밸류40증권자투자신탁1호(채권혼합)(C-J),02X66,05A98,05A99,X,X,X,02X66,한국투자중기채증권모투자신탁(채권)
23,02X66,한국투자중기채증권모투자신탁(채권),,,05A98,,05K13,한국투자퇴직연금중소밸류40증권자투자신탁1호(채권혼합)(C-e),02X66,05A98,05K13,X,X,X,02X66,한국투자중기채증권모투자신탁(채권)
24,02X66,한국투자중기채증권모투자신탁(채권),,0,05K08,한국투자퇴직연금KOSPI200인덱스40증권자투자신탁1호(채권혼합)(모),04Z79,한국투자퇴직연금KOSPI200인덱스40증권자투자신탁1호(채권혼합)(C),02X66,05K08,04Z79,X,X,X,02X66,한국투자중기채증권모투자신탁(채권)
25,02X66,한국투자중기채증권모투자신탁(채권),,,05K08,,05K09,한국투자퇴직연금KOSPI200인덱스40증권자투자신탁1호(채권혼합)(C-e),02X66,05K08,05K09,X,X,X,02X66,한국투자중기채증권모투자신탁(채권)
26,02X66,한국투자중기채증권모투자신탁(채권),,95,20108,한국투자퇴직연금엄브렐러LCF증권전환형자투자신탁1호(채권혼합),,,02X66,20108,,X,X,X,02X66,한국투자중기채증권모투자신탁(채권)
27,02X69,한국투자장기채증권모투자신탁(국공채),공통,70.5,04A70,한국투자퇴직연금LCF2010증권자투자신탁1호(채권혼합),,,02X69,04A70,,X,X,X,02X69,한국투자장기채증권모투자신탁(국공채)
28,02X69,한국투자장기채증권모투자신탁(국공채),,,04B56,한국투자퇴직연금LCF2030증권자투자신탁1호(채권혼합),,,02X69,04B56,,X,X,X,02X69,한국투자장기채증권모투자신탁(국공채)
29,02X69,한국투자장기채증권모투자신탁(국공채),,0,04B72,한국투자퇴직연금KOSPI200인덱스40증권자투자신탁3호(채권혼합),,,02X69,04B72,,X,X,X,02X69,한국투자장기채증권모투자신탁(국공채)
30,02X69,한국투자장기채증권모투자신탁(국공채),,,04B83,한국투자퇴직연금LCF2015증권자투자신탁2호(채권혼합),,,02X69,04B83,,X,X,X,02X69,한국투자장기채증권모투자신탁(국공채)
31,02X69,한국투자장기채증권모투자신탁(국공채),,,04B84,한국투자퇴직연금LCF2025증권자투자신탁2호(채권혼합),,,02X69,04B84,,X,X,X,02X69,한국투자장기채증권모투자신탁(국공채)
32,02X69,한국투자장기채증권모투자신탁(국공채),설정,53,04D53,한국투자K-wave소득공제증권전환형자투자신탁(채권혼합)(모),04D54,한국투자K-wave소득공제증권전환형자투자신탁(채권혼합)(C),02X69,04D53,04D54,X,X,X,02X69,한국투자장기채증권모투자신탁(국공채)
33,02X69,한국투자장기채증권모투자신탁(국공채),,,04D53,,04D58,한국투자K-wave소득공제증권전환형자투자신탁(채권혼합)(C-e),02X69,04D53,04D58,X,X,X,02X69,한국투자장기채증권모투자신탁(국공채)
34,02X69,한국투자장기채증권모투자신탁(국공채),,,04D53,,04D67,한국투자K-wave소득공제증권전환형자투자신탁(채권혼합)(S-T),02X69,04D53,04D67,X,X,X,02X69,한국투자장기채증권모투자신탁(국공채)
35,02X69,한국투자장기채증권모투자신탁(국공채),해지,53,04D53,한국투자K-wave소득공제증권전환형자투자신탁(채권혼합)(모),04D54,한국투자K-wave소득공제증권전환형자투자신탁(채권혼합)(C),02X69,04D53,04D54,X,X,X,02X69,한국투자장기채증권모투자신탁(국공채)
36,02X69,한국투자장기채증권모투자신탁(국공채),,,04D53,,04D58,한국투자K-wave소득공제증권전환형자투자신탁(채권혼합)(C-e),02X69,04D53,04D58,X,X,X,02X69,한국투자장기채증권모투자신탁(국공채)
37,02X69,한국투자장기채증권모투자신탁(국공채),,,04D53,,04D67,한국투자K-wave소득공제증권전환형자투자신탁(채권혼합)(S-T),02X69,04D53,04D67,X,X,X,02X69,한국투자장기채증권모투자신탁(국공채)
38,02X69,한국투자장기채증권모투자신탁(국공채),공통,80.5,04Z83,한국투자퇴직연금롱텀밸류20증권자투자신탁3호(채권혼합),,,02X69,04Z83,,X,X,X,02X69,한국투자장기채증권모투자신탁(국공채)
39,02X69,한국투자장기채증권모투자신탁(국공채),,,04Z87,한국투자퇴직연금LCF40-50증권자투자신탁1호(채권혼합),,,02X69,04Z87,,X,X,X,02X69,한국투자장기채증권모투자신탁(국공채)
40,02X69,한국투자장기채증권모투자신탁(국공채),,60.5,04Z90,한국투자퇴직연금LCF2010증권자투자신탁2호(채권혼합),,,02X69,04Z90,,X,X,X,02X69,한국투자장기채증권모투자신탁(국공채)
41,02X69,한국투자장기채증권모투자신탁(국공채),,90.5,04Z92,한국투자퇴직연금LCF50-60증권자투자신탁1호(채권혼합),,,02X69,04Z92,,X,X,X,02X69,한국투자장기채증권모투자신탁(국공채)
42,02X69,한국투자장기채증권모투자신탁(국공채),,70.5,04Z95,한국투자퇴직연금LCF2020증권자투자신탁1호(채권혼합),,,02X69,04Z95,,X,X,X,02X69,한국투자장기채증권모투자신탁(국공채)
43,02X69,한국투자장기채증권모투자신탁(국공채),,64,05A34,한국투자퇴직연금베트남그로스40증권자투자신탁(채권혼합)(모),05A36,한국투자퇴직연금베트남그로스40증권자투자신탁(채권혼합)(C),02X69,05A34,05A36,X,X,X,02X69,한국투자장기채증권모투자신탁(국공채)
44,02X69,한국투자장기채증권모투자신탁(국공채),,,05A34,,05M31,한국투자퇴직연금베트남그로스40증권자투자신탁(채권혼합)(C-e),02X69,05A34,05M31,X,X,X,02X69,한국투자장기채증권모투자신탁(국공채)
45,02X69,한국투자장기채증권모투자신탁(국공채),,,05A34,,05Z18,한국투자퇴직연금베트남그로스40증권자투자신탁(채권혼합)(S-R),02X69,05A34,05Z18,X,X,X,02X69,한국투자장기채증권모투자신탁(국공채)
46,02X69,한국투자장기채증권모투자신탁(국공채),,100,05F90,한국투자장기채증권자투자신탁(국공채)(모),05F91,한국투자장기채증권자투자신탁(국공채)(C-R),02X69,05F90,05F91,X,X,X,02X69,한국투자장기채증권모투자신탁(국공채)
47,02X69,한국투자장기채증권모투자신탁(국공채),,,05F90,,05M28,한국투자장기채증권자투자신탁(국공채)(C-Re),02X69,05F90,05M28,X,X,X,02X69,한국투자장기채증권모투자신탁(국공채)
48,02X69,한국투자장기채증권모투자신탁(국공채),,,05K02,한국투자퇴직연금증권자투자신탁1호(국공채)(모),02X67,한국투자퇴직연금증권자투자신탁1호(국공채)(C),02X69,05K02,02X67,X,X,X,02X69,한국투자장기채증권모투자신탁(국공채)
49,02X69,한국투자장기채증권모투자신탁(국공채),,,05K02,,05K03,한국투자퇴직연금증권자투자신탁1호(국공채)(C-e),02X69,05K02,05K03,X,X,X,02X69,한국투자장기채증권모투자신탁(국공채)
50,02X69,한국투자장기채증권모투자신탁(국공채),,,05K02,,05Z08,한국투자퇴직연금증권자투자신탁1호(국공채)(S-R),02X69,05K02,05Z08,X,X,X,02X69,한국투자장기채증권모투자신탁(국공채)
51,02X69,한국투자장기채증권모투자신탁(국공채),,60.5,05K05,한국투자퇴직연금롱텀밸류40증권자투자신탁2호(채권혼합)(모),04Z73,한국투자퇴직연금롱텀밸류40증권자투자신탁2호(채권혼합)(C),02X69,05K05,04Z73,X,X,X,02X69,한국투자장기채증권모투자신탁(국공채)
52,02X69,한국투자장기채증권모투자신탁(국공채),,,05K05,,05K06,한국투자퇴직연금롱텀밸류40증권자투자신탁2호(채권혼합)(C-e),02X69,05K05,05K06,X,X,X,02X69,한국투자장기채증권모투자신탁(국공채)
53,02X69,한국투자장기채증권모투자신탁(국공채),,90.5,05M11,한국투자퇴직연금롱텀밸류10증권자투자신탁1호(채권혼합)(모),04A06,한국투자퇴직연금롱텀밸류10증권자투자신탁1호(채권혼합)(C),02X69,05M11,04A06,X,X,X,02X69,한국투자장기채증권모투자신탁(국공채)
54,02X69,한국투자장기채증권모투자신탁(국공채),,,05M11,,05M12,한국투자퇴직연금롱텀밸류10증권자투자신탁1호(채권혼합)(C-e),02X69,05M11,05M12,X,X,X,02X69,한국투자장기채증권모투자신탁(국공채)
55,02X69,한국투자장기채증권모투자신탁(국공채),,0,05M14,한국투자퇴직연금KOSPI200인덱스40증권자투자신탁2호(채권혼합)(모),04A11,한국투자퇴직연금KOSPI200인덱스40증권자투자신탁2호(채권혼합)(C),02X69,05M14,04A11,X,X,X,02X69,한국투자장기채증권모투자신탁(국공채)
56,02X69,한국투자장기채증권모투자신탁(국공채),,60.5,05M17,한국투자퇴직연금롱텀밸류40증권자투자신탁4호(채권혼합)(모),04Z84,한국투자퇴직연금롱텀밸류40증권자투자신탁4호(채권혼합)(C),02X69,05M17,04Z84,X,X,X,02X69,한국투자장기채증권모투자신탁(국공채)
57,02X69,한국투자장기채증권모투자신탁(국공채),,70.5,05M20,한국투자퇴직연금롱텀밸류30증권자투자신탁1호(채권혼합)(모),04Z85,한국투자퇴직연금롱텀밸류30증권자투자신탁1호(채권혼합)(C),02X69,05M20,04Z85,X,X,X,02X69,한국투자장기채증권모투자신탁(국공채)
58,02X69,한국투자장기채증권모투자신탁(국공채),,,05M23,한국투자퇴직연금LCF20-30증권자투자신탁1호(채권혼합)(모),04Z86,한국투자퇴직연금LCF20-30증권자투자신탁1호(채권혼합)(C),02X69,05M23,04Z86,X,X,X,02X69,한국투자장기채증권모투자신탁(국공채)
59,02X69,한국투자장기채증권모투자신탁(국공채),,,05M23,,05M24,한국투자퇴직연금LCF20-30증권자투자신탁1호(채권혼합)(C-e),02X69,05M23,05M24,X,X,X,02X69,한국투자장기채증권모투자신탁(국공채)
60,02X69,한국투자장기채증권모투자신탁(국공채),,61,05M26,한국투자퇴직연금마이스터40증권자투자신탁2호(국공채혼합)(모),05F65,한국투자퇴직연금마이스터40증권자투자신탁2호(국공채혼합)(C),02X69,05M26,05F65,X,X,X,02X69,한국투자장기채증권모투자신탁(국공채)
61,02X69,한국투자장기채증권모투자신탁(국공채),,0,05M46,한국투자퇴직연금삼성그룹40증권자투자신탁1호(채권혼합)(모),05M47,한국투자퇴직연금삼성그룹40증권자투자신탁1호(채권혼합)(C-e),02X69,05M46,05M47,X,X,X,02X69,한국투자장기채증권모투자신탁(국공채)
62,02X69,한국투자장기채증권모투자신탁(국공채),,,05M46,,20089,한국투자퇴직연금삼성그룹40증권자투자신탁1호(채권혼합)(C),02X69,05M46,20089,X,X,X,02X69,한국투자장기채증권모투자신탁(국공채)
63,02X69,한국투자장기채증권모투자신탁(국공채),,55,05W74,한국투자중기우량채증권자투자신탁(채권)(모),05W75,한국투자중기우량채증권자투자신탁(채권)(A),02X69,05W74,05W75,X,X,X,02X69,한국투자장기채증권모투자신탁(국공채)
64,02X69,한국투자장기채증권모투자신탁(국공채),,,05W74,,05W76,한국투자중기우량채증권자투자신탁(채권)(A-e),02X69,05W74,05W76,X,X,X,02X69,한국투자장기채증권모투자신탁(국공채)
65,02X69,한국투자장기채증권모투자신탁(국공채),,,05W74,,05W78,한국투자중기우량채증권자투자신탁(채권)(C),02X69,05W74,05W78,X,X,X,02X69,한국투자장기채증권모투자신탁(국공채)
66,02X69,한국투자장기채증권모투자신탁(국공채),,,05W74,,05W79,한국투자중기우량채증권자투자신탁(채권)(C-e),02X69,05W74,05W79,X,X,X,02X69,한국투자장기채증권모투자신탁(국공채)
67,02X69,한국투자장기채증권모투자신탁(국공채),,,05W74,,05W80,한국투자중기우량채증권자투자신탁(채권)(C-F),02X69,05W74,05W80,X,X,X,02X69,한국투자장기채증권모투자신탁(국공채)
68,02X69,한국투자장기채증권모투자신탁(국공채),,,05W74,,05W84,한국투자중기우량채증권자투자신탁(채권)(C-R),02X69,05W74,05W84,X,X,X,02X69,한국투자장기채증권모투자신탁(국공채)
69,02X69,한국투자장기채증권모투자신탁(국공채),,,05W74,,05W85,한국투자중기우량채증권자투자신탁(채권)(C-Re),02X69,05W74,05W85,X,X,X,02X69,한국투자장기채증권모투자신탁(국공채)
70,02X69,한국투자장기채증권모투자신탁(국공채),,,05W74,,05W87,한국투자중기우량채증권자투자신탁(채권)(S),02X69,05W74,05W87,X,X,X,02X69,한국투자장기채증권모투자신탁(국공채)
71,02X69,한국투자장기채증권모투자신탁(국공채),,,05W74,,05W88,한국투자중기우량채증권자투자신탁(채권)(S-P),02X69,05W74,05W88,X,X,X,02X69,한국투자장기채증권모투자신탁(국공채)
72,02X69,한국투자장기채증권모투자신탁(국공채),,67,05X99,한국투자퇴직연금글로벌브랜드파워40증권자투자신탁(채권혼합)(모),05M32,한국투자퇴직연금글로벌브랜드파워40증권자투자신탁(채권혼합)(C-e),02X69,05X99,05M32,X,X,X,02X69,한국투자장기채증권모투자신탁(국공채)
73,02X69,한국투자장기채증권모투자신탁(국공채),,,05X99,,05Y01,한국투자퇴직연금글로벌브랜드파워40증권자투자신탁(채권혼합)(C),02X69,05X99,05Y01,X,X,X,02X69,한국투자장기채증권모투자신탁(국공채)
74,02X69,한국투자장기채증권모투자신탁(국공채),,100,10130,한국투자퇴직연금엄브렐러LCF증권전환형자투자신탁1호(국공채),,,02X69,10130,,X,X,X,02X69,한국투자장기채증권모투자신탁(국공채)
75,02X69,한국투자장기채증권모투자신탁(국공채),,0,20104,한국투자퇴직연금엄브렐러LCF인덱스10증권전환형자투자신탁1호(채권혼합),,,02X69,20104,,X,X,X,02X69,한국투자장기채증권모투자신탁(국공채)
76,02X69,한국투자장기채증권모투자신탁(국공채),,,20105,한국투자퇴직연금엄브렐러LCF인덱스20증권전환형자투자신탁1호(채권혼합),,,02X69,20105,,X,X,X,02X69,한국투자장기채증권모투자신탁(국공채)
77,02X69,한국투자장기채증권모투자신탁(국공채),,,20106,한국투자퇴직연금엄브렐러LCF인덱스30증권전환형자투자신탁1호(채권혼합),,,02X69,20106,,X,X,X,02X69,한국투자장기채증권모투자신탁(국공채)
78,02X69,한국투자장기채증권모투자신탁(국공채),,,20107,한국투자퇴직연금엄브렐러LCF인덱스40증권전환형자투자신탁1호(채권혼합),,,02X69,20107,,X,X,X,02X69,한국투자장기채증권모투자신탁(국공채)
79,03V64,한국투자배당리더40증권모투자신탁(채권혼합),공통,100,05A15,한국투자퇴직연금배당리더40증권자투자신탁(채권혼합)(모),05A17,한국투자퇴직연금배당리더40증권자투자신탁(채권혼합)(C),03V64,05A15,05A17,X,X,X,03V64,한국투자배당리더40증권모투자신탁(채권혼합)
80,03V64,한국투자배당리더40증권모투자신탁(채권혼합),,,05A22,한국투자배당리더40증권자투자신탁(채권혼합)(모),05A24,한국투자배당리더40증권자투자신탁(채권혼합)(A),03V64,05A22,05A24,X,X,X,03V64,한국투자배당리더40증권모투자신탁(채권혼합)
81,03V64,한국투자배당리더40증권모투자신탁(채권혼합),,,05A22,,05A25,한국투자배당리더40증권자투자신탁(채권혼합)(A-e),03V64,05A22,05A25,X,X,X,03V64,한국투자배당리더40증권모투자신탁(채권혼합)
82,03V64,한국투자배당리더40증권모투자신탁(채권혼합),,,05A22,,05A26,한국투자배당리더40증권자투자신탁(채권혼합)(C),03V64,05A22,05A26,X,X,X,03V64,한국투자배당리더40증권모투자신탁(채권혼합)
83,03V64,한국투자배당리더40증권모투자신탁(채권혼합),,,05A22,,05A27,한국투자배당리더40증권자투자신탁(채권혼합)(C-e),03V64,05A22,05A27,X,X,X,03V64,한국투자배당리더40증권모투자신탁(채권혼합)
84,03V64,한국투자배당리더40증권모투자신탁(채권혼합),,,05A22,,05A32,한국투자배당리더40증권자투자신탁(채권혼합)(S),03V64,05A22,05A32,X,X,X,03V64,한국투자배당리더40증권모투자신탁(채권혼합)
85,03V64,한국투자배당리더40증권모투자신탁(채권혼합),,,05A22,,05A33,한국투자배당리더40증권자투자신탁(채권혼합)(S-P),03V64,05A22,05A33,X,X,X,03V64,한국투자배당리더40증권모투자신탁(채권혼합)
86,03V90,한국투자크레딧포커스ESG증권모투자신탁(채권),공통,100,02V88,한국투자크레딧포커스ESG증권자투자신탁1호(채권)(모),05A95,한국투자크레딧포커스ESG증권자투자신탁1호(채권)(C-F),03V90,02V88,05A95,X,X,X,03V90,한국투자크레딧포커스ESG증권모투자신탁(채권)
87,03V90,한국투자크레딧포커스ESG증권모투자신탁(채권),,,02V88,,05M44,한국투자크레딧포커스ESG증권자투자신탁1호(채권)(A-e),03V90,02V88,05M44,X,X,X,03V90,한국투자크레딧포커스ESG증권모투자신탁(채권)
88,03V90,한국투자크레딧포커스ESG증권모투자신탁(채권),,,02V88,,05Q01,한국투자크레딧포커스ESG증권자투자신탁1호(채권)(C-R),03V90,02V88,05Q01,X,X,X,03V90,한국투자크레딧포커스ESG증권모투자신탁(채권)
89,03V90,한국투자크레딧포커스ESG증권모투자신탁(채권),,,02V88,,05Q02,한국투자크레딧포커스ESG증권자투자신탁1호(채권)(C-W),03V90,02V88,05Q02,X,X,X,03V90,한국투자크레딧포커스ESG증권모투자신탁(채권)
90,03V90,한국투자크레딧포커스ESG증권모투자신탁(채권),,,02V88,,05Q77,한국투자크레딧포커스ESG증권자투자신탁1호(채권)(C-Re),03V90,02V88,05Q77,X,X,X,03V90,한국투자크레딧포커스ESG증권모투자신탁(채권)
91,03V90,한국투자크레딧포커스ESG증권모투자신탁(채권),,,02V88,,05Q89,한국투자크레딧포커스ESG증권자투자신탁1호(채권)(S-P),03V90,02V88,05Q89,X,X,X,03V90,한국투자크레딧포커스ESG증권모투자신탁(채권)
92,03V90,한국투자크레딧포커스ESG증권모투자신탁(채권),,,02V88,,05Q90,한국투자크레딧포커스ESG증권자투자신탁1호(채권)(C-P),03V90,02V88,05Q90,X,X,X,03V90,한국투자크레딧포커스ESG증권모투자신탁(채권)
93,03V90,한국투자크레딧포커스ESG증권모투자신탁(채권),,,02V88,,05Q91,한국투자크레딧포커스ESG증권자투자신탁1호(채권)(C-Pe),03V90,02V88,05Q91,X,X,X,03V90,한국투자크레딧포커스ESG증권모투자신탁(채권)
94,03V90,한국투자크레딧포커스ESG증권모투자신탁(채권),,,02V88,,05V18,한국투자크레딧포커스ESG증권자투자신탁1호(채권)(C-G),03V90,02V88,05V18,X,X,X,03V90,한국투자크레딧포커스ESG증권모투자신탁(채권)
95,03V90,한국투자크레딧포커스ESG증권모투자신탁(채권),,,02V88,,05Z17,한국투자크레딧포커스ESG증권자투자신탁1호(채권)(S-R),03V90,02V88,05Z17,X,X,X,03V90,한국투자크레딧포커스ESG증권모투자신탁(채권)
96,03V90,한국투자크레딧포커스ESG증권모투자신탁(채권),,,02V88,,06G16,한국투자크레딧포커스ESG증권자투자신탁1호(채권)(S),03V90,02V88,06G16,X,X,X,03V90,한국투자크레딧포커스ESG증권모투자신탁(채권)
97,03V90,한국투자크레딧포커스ESG증권모투자신탁(채권),,,02V88,,07P18,한국투자크레딧포커스ESG증권자투자신탁1호(채권)(A1),03V90,02V88,07P18,X,X,X,03V90,한국투자크레딧포커스ESG증권모투자신탁(채권)
98,03V90,한국투자크레딧포커스ESG증권모투자신탁(채권),,,02V88,,10100,한국투자크레딧포커스ESG증권자투자신탁1호(채권)(A),03V90,02V88,10100,X,X,X,03V90,한국투자크레딧포커스ESG증권모투자신탁(채권)
99,03V90,한국투자크레딧포커스ESG증권모투자신탁(채권),,,02V88,,10101,한국투자크레딧포커스ESG증권자투자신탁1호(채권)(C),03V90,02V88,10101,X,X,X,03V90,한국투자크레딧포커스ESG증권모투자신탁(채권)
100,03V90,한국투자크레딧포커스ESG증권모투자신탁(채권),,,02V88,,10102,한국투자크레딧포커스ESG증권자투자신탁1호(채권)(C-e),03V90,02V88,10102,X,X,X,03V90,한국투자크레딧포커스ESG증권모투자신탁(채권)
101,03V90,한국투자크레딧포커스ESG증권모투자신탁(채권),,33,05W74,한국투자중기우량채증권자투자신탁(채권)(모),05W75,한국투자중기우량채증권자투자신탁(채권)(A),03V90,05W74,05W75,X,X,X,03V90,한국투자크레딧포커스ESG증권모투자신탁(채권)
102,03V90,한국투자크레딧포커스ESG증권모투자신탁(채권),,,05W74,,05W76,한국투자중기우량채증권자투자신탁(채권)(A-e),03V90,05W74,05W76,X,X,X,03V90,한국투자크레딧포커스ESG증권모투자신탁(채권)
103,03V90,한국투자크레딧포커스ESG증권모투자신탁(채권),,,05W74,,05W78,한국투자중기우량채증권자투자신탁(채권)(C),03V90,05W74,05W78,X,X,X,03V90,한국투자크레딧포커스ESG증권모투자신탁(채권)
104,03V90,한국투자크레딧포커스ESG증권모투자신탁(채권),,,05W74,,05W79,한국투자중기우량채증권자투자신탁(채권)(C-e),03V90,05W74,05W79,X,X,X,03V90,한국투자크레딧포커스ESG증권모투자신탁(채권)
105,03V90,한국투자크레딧포커스ESG증권모투자신탁(채권),,,05W74,,05W80,한국투자중기우량채증권자투자신탁(채권)(C-F),03V90,05W74,05W80,X,X,X,03V90,한국투자크레딧포커스ESG증권모투자신탁(채권)
106,03V90,한국투자크레딧포커스ESG증권모투자신탁(채권),,,05W74,,05W84,한국투자중기우량채증권자투자신탁(채권)(C-R),03V90,05W74,05W84,X,X,X,03V90,한국투자크레딧포커스ESG증권모투자신탁(채권)
107,03V90,한국투자크레딧포커스ESG증권모투자신탁(채권),,,05W74,,05W85,한국투자중기우량채증권자투자신탁(채권)(C-Re),03V90,05W74,05W85,X,X,X,03V90,한국투자크레딧포커스ESG증권모투자신탁(채권)
108,03V90,한국투자크레딧포커스ESG증권모투자신탁(채권),,,05W74,,05W87,한국투자중기우량채증권자투자신탁(채권)(S),03V90,05W74,05W87,X,X,X,03V90,한국투자크레딧포커스ESG증권모투자신탁(채권)
109,03V90,한국투자크레딧포커스ESG증권모투자신탁(채권),,,05W74,,05W88,한국투자중기우량채증권자투자신탁(채권)(S-P),03V90,05W74,05W88,X,X,X,03V90,한국투자크레딧포커스ESG증권모투자신탁(채권)
110,03V90,한국투자크레딧포커스ESG증권모투자신탁(채권),,0,07B50,한국투자미국배당귀족증권자투자신탁(채권혼합)(모),07B51,한국투자미국배당귀족증권자투자신탁(채권혼합)(A),03V90,07B50,07B51,X,X,X,03V90,한국투자크레딧포커스ESG증권모투자신탁(채권)
111,03V90,한국투자크레딧포커스ESG증권모투자신탁(채권),,,07B50,,07B52,한국투자미국배당귀족증권자투자신탁(채권혼합)(A-e),03V90,07B50,07B52,X,X,X,03V90,한국투자크레딧포커스ESG증권모투자신탁(채권)
112,03V90,한국투자크레딧포커스ESG증권모투자신탁(채권),,,07B50,,07B54,한국투자미국배당귀족증권자투자신탁(채권혼합)(C),03V90,07B50,07B54,X,X,X,03V90,한국투자크레딧포커스ESG증권모투자신탁(채권)
113,03V90,한국투자크레딧포커스ESG증권모투자신탁(채권),,,07B50,,07B55,한국투자미국배당귀족증권자투자신탁(채권혼합)(C-e),03V90,07B50,07B55,X,X,X,03V90,한국투자크레딧포커스ESG증권모투자신탁(채권)
114,03V90,한국투자크레딧포커스ESG증권모투자신탁(채권),,,07B50,,07B58,한국투자미국배당귀족증권자투자신탁(채권혼합)(C-P),03V90,07B50,07B58,X,X,X,03V90,한국투자크레딧포커스ESG증권모투자신탁(채권)
115,03V90,한국투자크레딧포커스ESG증권모투자신탁(채권),,,07B50,,07B59,한국투자미국배당귀족증권자투자신탁(채권혼합)(C-Pe),03V90,07B50,07B59,X,X,X,03V90,한국투자크레딧포커스ESG증권모투자신탁(채권)
116,03V90,한국투자크레딧포커스ESG증권모투자신탁(채권),,,07B50,,07B60,한국투자미국배당귀족증권자투자신탁(채권혼합)(C-R),03V90,07B50,07B60,X,X,X,03V90,한국투자크레딧포커스ESG증권모투자신탁(채권)
117,03V90,한국투자크레딧포커스ESG증권모투자신탁(채권),,,07B50,,07B61,한국투자미국배당귀족증권자투자신탁(채권혼합)(C-Re),03V90,07B50,07B61,X,X,X,03V90,한국투자크레딧포커스ESG증권모투자신탁(채권)
118,03V90,한국투자크레딧포커스ESG증권모투자신탁(채권),,,07B50,,07B62,한국투자미국배당귀족증권자투자신탁(채권혼합)(C-W),03V90,07B50,07B62,X,X,X,03V90,한국투자크레딧포커스ESG증권모투자신탁(채권)
119,03V90,한국투자크레딧포커스ESG증권모투자신탁(채권),,,07B67,한국투자미국배당귀족증권자투자신탁(주식혼합)(모),07B68,한국투자미국배당귀족증권자투자신탁(주식혼합)(A),03V90,07B67,07B68,X,X,X,03V90,한국투자크레딧포커스ESG증권모투자신탁(채권)
120,03V90,한국투자크레딧포커스ESG증권모투자신탁(채권),,,07B67,,07B69,한국투자미국배당귀족증권자투자신탁(주식혼합)(A-e),03V90,07B67,07B69,X,X,X,03V90,한국투자크레딧포커스ESG증권모투자신탁(채권)
121,03V90,한국투자크레딧포커스ESG증권모투자신탁(채권),,,07B67,,07B71,한국투자미국배당귀족증권자투자신탁(주식혼합)(C),03V90,07B67,07B71,X,X,X,03V90,한국투자크레딧포커스ESG증권모투자신탁(채권)
122,03V90,한국투자크레딧포커스ESG증권모투자신탁(채권),,,07B67,,07B72,한국투자미국배당귀족증권자투자신탁(주식혼합)(C-e),03V90,07B67,07B72,X,X,X,03V90,한국투자크레딧포커스ESG증권모투자신탁(채권)
123,03V90,한국투자크레딧포커스ESG증권모투자신탁(채권),,,07B67,,07B76,한국투자미국배당귀족증권자투자신탁(주식혼합)(C-Pe),03V90,07B67,07B76,X,X,X,03V90,한국투자크레딧포커스ESG증권모투자신탁(채권)
124,03V90,한국투자크레딧포커스ESG증권모투자신탁(채권),,66,07W02,한국투자베트남주식35증권자투자신탁(채권혼합)(모),07W06,한국투자베트남주식35증권자투자신탁(채권혼합)(C-e),03V90,07W02,07W06,X,X,X,03V90,한국투자크레딧포커스ESG증권모투자신탁(채권)
125,03V90,한국투자크레딧포커스ESG증권모투자신탁(채권),,,07W02,,07W09,한국투자베트남주식35증권자투자신탁(채권혼합)(C-W),03V90,07W02,07W09,X,X,X,03V90,한국투자크레딧포커스ESG증권모투자신탁(채권)
126,03V90,한국투자크레딧포커스ESG증권모투자신탁(채권),,20,09G48,한국투자글로벌브랜드파워증권자투자신탁(주식혼합)(모),09G49,한국투자글로벌브랜드파워증권자투자신탁(주식혼합)(A),03V90,09G48,09G49,X,X,X,03V90,한국투자크레딧포커스ESG증권모투자신탁(채권)
127,03V90,한국투자크레딧포커스ESG증권모투자신탁(채권),,,09G48,,09G50,한국투자글로벌브랜드파워증권자투자신탁(주식혼합)(A-e),03V90,09G48,09G50,X,X,X,03V90,한국투자크레딧포커스ESG증권모투자신탁(채권)
128,03V90,한국투자크레딧포커스ESG증권모투자신탁(채권),,,09G48,,09G51,한국투자글로벌브랜드파워증권자투자신탁(주식혼합)(C),03V90,09G48,09G51,X,X,X,03V90,한국투자크레딧포커스ESG증권모투자신탁(채권)
129,03V90,한국투자크레딧포커스ESG증권모투자신탁(채권),,,09G48,,09G52,한국투자글로벌브랜드파워증권자투자신탁(주식혼합)(C-e),03V90,09G48,09G52,X,X,X,03V90,한국투자크레딧포커스ESG증권모투자신탁(채권)
130,03V90,한국투자크레딧포커스ESG증권모투자신탁(채권),,,09G48,,09G54,한국투자글로벌브랜드파워증권자투자신탁(주식혼합)(C-W),03V90,09G48,09G54,X,X,X,03V90,한국투자크레딧포커스ESG증권모투자신탁(채권)
131,04D05,한국투자이머징마켓증권모투자신탁(채권),설정,100,04D09,한국투자이머징마켓증권자투자신탁UH(채권)(모),10157,한국투자이머징마켓증권자투자신탁UH(채권)(A),04D05,04D09,10157,X,X,X,04D05,한국투자이머징마켓증권모투자신탁(채권)
132,04D05,한국투자이머징마켓증권모투자신탁(채권),해지,100,04D09,한국투자이머징마켓증권자투자신탁UH(채권)(모),10157,한국투자이머징마켓증권자투자신탁UH(채권)(A),04D05,04D09,10157,X,X,X,04D05,한국투자이머징마켓증권모투자신탁(채권)
133,04D05,한국투자이머징마켓증권모투자신탁(채권),공통,100,04D38,한국투자이머징마켓월지급식증권자투자신탁1호(채권)(모),04D39,한국투자이머징마켓월지급식증권자투자신탁1호(채권)(C),04D05,04D38,04D39,X,X,X,04D05,한국투자이머징마켓증권모투자신탁(채권)
134,04F07,한국투자달러표시중국채권증권모투자신탁(채권),설정,100,04F02,한국투자달러표시중국채권증권자투자신탁(채권)(모),04F03,한국투자달러표시중국채권증권자투자신탁(채권)(A),04F07,04F02,04F03,X,X,X,04F07,한국투자달러표시중국채권증권모투자신탁(채권)
135,04F07,한국투자달러표시중국채권증권모투자신탁(채권),,,04F02,,04F04,한국투자달러표시중국채권증권자투자신탁(채권)(C),04F07,04F02,04F04,X,X,X,04F07,한국투자달러표시중국채권증권모투자신탁(채권)
136,04F07,한국투자달러표시중국채권증권모투자신탁(채권),,,04F02,,04F05,한국투자달러표시중국채권증권자투자신탁(채권)(C-F),04F07,04F02,04F05,X,X,X,04F07,한국투자달러표시중국채권증권모투자신탁(채권)
137,04F07,한국투자달러표시중국채권증권모투자신탁(채권),,,04F02,,04F06,한국투자달러표시중국채권증권자투자신탁(채권)(C-W),04F07,04F02,04F06,X,X,X,04F07,한국투자달러표시중국채권증권모투자신탁(채권)
138,04F07,한국투자달러표시중국채권증권모투자신탁(채권),,,04F02,,04F08,한국투자달러표시중국채권증권자투자신탁(채권)(S),04F07,04F02,04F08,X,X,X,04F07,한국투자달러표시중국채권증권모투자신탁(채권)
139,04F07,한국투자달러표시중국채권증권모투자신탁(채권),,,04F02,,04F10,한국투자달러표시중국채권증권자투자신탁(채권)(C-P),04F07,04F02,04F10,X,X,X,04F07,한국투자달러표시중국채권증권모투자신탁(채권)
140,04F07,한국투자달러표시중국채권증권모투자신탁(채권),,,04F02,,04F11,한국투자달러표시중국채권증권자투자신탁(채권)(C-Pe),04F07,04F02,04F11,X,X,X,04F07,한국투자달러표시중국채권증권모투자신탁(채권)
141,04F07,한국투자달러표시중국채권증권모투자신탁(채권),,,04F02,,04F12,한국투자달러표시중국채권증권자투자신탁(채권)(S-P),04F07,04F02,04F12,X,X,X,04F07,한국투자달러표시중국채권증권모투자신탁(채권)
142,04F07,한국투자달러표시중국채권증권모투자신탁(채권),,,04F02,,05B35,한국투자달러표시중국채권증권자투자신탁(채권)(A-e),04F07,04F02,05B35,X,X,X,04F07,한국투자달러표시중국채권증권모투자신탁(채권)
143,04F07,한국투자달러표시중국채권증권모투자신탁(채권),,,04F02,,05B36,한국투자달러표시중국채권증권자투자신탁(채권)(C-e),04F07,04F02,05B36,X,X,X,04F07,한국투자달러표시중국채권증권모투자신탁(채권)
144,04F07,한국투자달러표시중국채권증권모투자신탁(채권),해지,100,04F02,한국투자달러표시중국채권증권자투자신탁(채권)(모),04F03,한국투자달러표시중국채권증권자투자신탁(채권)(A),04F07,04F02,04F03,X,X,X,04F07,한국투자달러표시중국채권증권모투자신탁(채권)
145,04F07,한국투자달러표시중국채권증권모투자신탁(채권),,,04F02,,04F04,한국투자달러표시중국채권증권자투자신탁(채권)(C),04F07,04F02,04F04,X,X,X,04F07,한국투자달러표시중국채권증권모투자신탁(채권)
146,04F07,한국투자달러표시중국채권증권모투자신탁(채권),,,04F02,,04F05,한국투자달러표시중국채권증권자투자신탁(채권)(C-F),04F07,04F02,04F05,X,X,X,04F07,한국투자달러표시중국채권증권모투자신탁(채권)
147,04F07,한국투자달러표시중국채권증권모투자신탁(채권),,,04F02,,04F06,한국투자달러표시중국채권증권자투자신탁(채권)(C-W),04F07,04F02,04F06,X,X,X,04F07,한국투자달러표시중국채권증권모투자신탁(채권)
148,04F07,한국투자달러표시중국채권증권모투자신탁(채권),,,04F02,,04F08,한국투자달러표시중국채권증권자투자신탁(채권)(S),04F07,04F02,04F08,X,X,X,04F07,한국투자달러표시중국채권증권모투자신탁(채권)
149,04F07,한국투자달러표시중국채권증권모투자신탁(채권),,,04F02,,04F10,한국투자달러표시중국채권증권자투자신탁(채권)(C-P),04F07,04F02,04F10,X,X,X,04F07,한국투자달러표시중국채권증권모투자신탁(채권)
150,04F07,한국투자달러표시중국채권증권모투자신탁(채권),,,04F02,,04F11,한국투자달러표시중국채권증권자투자신탁(채권)(C-Pe),04F07,04F02,04F11,X,X,X,04F07,한국투자달러표시중국채권증권모투자신탁(채권)
151,04F07,한국투자달러표시중국채권증권모투자신탁(채권),,,04F02,,04F12,한국투자달러표시중국채권증권자투자신탁(채권)(S-P),04F07,04F02,04F12,X,X,X,04F07,한국투자달러표시중국채권증권모투자신탁(채권)
152,04F07,한국투자달러표시중국채권증권모투자신탁(채권),,,04F02,,05B35,한국투자달러표시중국채권증권자투자신탁(채권)(A-e),04F07,04F02,05B35,X,X,X,04F07,한국투자달러표시중국채권증권모투자신탁(채권)
153,04F07,한국투자달러표시중국채권증권모투자신탁(채권),,,04F02,,05B36,한국투자달러표시중국채권증권자투자신탁(채권)(C-e),04F07,04F02,05B36,X,X,X,04F07,한국투자달러표시중국채권증권모투자신탁(채권)
154,04F07,한국투자달러표시중국채권증권모투자신탁(채권),설정,100,04F14,한국투자퇴직연금달러표시중국채권증권자투자신탁(채권)(모),04F15,한국투자퇴직연금달러표시중국채권증권자투자신탁(채권)(C),04F07,04F14,04F15,X,X,X,04F07,한국투자달러표시중국채권증권모투자신탁(채권)
155,04F07,한국투자달러표시중국채권증권모투자신탁(채권),해지,100,04F14,한국투자퇴직연금달러표시중국채권증권자투자신탁(채권)(모),04F15,한국투자퇴직연금달러표시중국채권증권자투자신탁(채권)(C),04F07,04F14,04F15,X,X,X,04F07,한국투자달러표시중국채권증권모투자신탁(채권)
156,04F07,한국투자달러표시중국채권증권모투자신탁(채권),설정,100,05F74,한국투자재형달러표시중국채권증권자투자신탁2호(채권),,,04F07,05F74,,X,X,X,04F07,한국투자달러표시중국채권증권모투자신탁(채권)
157,04F07,한국투자달러표시중국채권증권모투자신탁(채권),해지,100,05F74,한국투자재형달러표시중국채권증권자투자신탁2호(채권),,,04F07,05F74,,X,X,X,04F07,한국투자달러표시중국채권증권모투자신탁(채권)
158,04F07,한국투자달러표시중국채권증권모투자신탁(채권),설정,100,05F75,한국투자재형달러표시중국채권증권자투자신탁3호(채권),,,04F07,05F75,,X,X,X,04F07,한국투자달러표시중국채권증권모투자신탁(채권)
159,04F07,한국투자달러표시중국채권증권모투자신탁(채권),해지,100,05F75,한국투자재형달러표시중국채권증권자투자신탁3호(채권),,,04F07,05F75,,X,X,X,04F07,한국투자달러표시중국채권증권모투자신탁(채권)
160,04F07,한국투자달러표시중국채권증권모투자신탁(채권),공통,100,05F77,한국투자재형달러표시중국채권증권자투자신탁(채권),,,04F07,05F77,,X,X,X,04F07,한국투자달러표시중국채권증권모투자신탁(채권)
161,04F07,한국투자달러표시중국채권증권모투자신탁(채권),,40,05W07,한국투자아시아플러스증권자투자신탁(채권)(모),05W08,한국투자아시아플러스증권자투자신탁(채권)(A),04F07,05W07,05W08,X,X,X,04F07,한국투자달러표시중국채권증권모투자신탁(채권)
162,04F07,한국투자달러표시중국채권증권모투자신탁(채권),,,05W07,,05W10,한국투자아시아플러스증권자투자신탁(채권)(A-e),04F07,05W07,05W10,X,X,X,04F07,한국투자달러표시중국채권증권모투자신탁(채권)
163,04F07,한국투자달러표시중국채권증권모투자신탁(채권),,,05W07,,05W11,한국투자아시아플러스증권자투자신탁(채권)(C),04F07,05W07,05W11,X,X,X,04F07,한국투자달러표시중국채권증권모투자신탁(채권)
164,04F07,한국투자달러표시중국채권증권모투자신탁(채권),,,05W07,,05W12,한국투자아시아플러스증권자투자신탁(채권)(C-F),04F07,05W07,05W12,X,X,X,04F07,한국투자달러표시중국채권증권모투자신탁(채권)
165,04F07,한국투자달러표시중국채권증권모투자신탁(채권),,,05W07,,05W18,한국투자아시아플러스증권자투자신탁(채권)(C-W),04F07,05W07,05W18,X,X,X,04F07,한국투자달러표시중국채권증권모투자신탁(채권)
166,04F07,한국투자달러표시중국채권증권모투자신탁(채권),,,05W07,,05W19,한국투자아시아플러스증권자투자신탁(채권)(C-e),04F07,05W07,05W19,X,X,X,04F07,한국투자달러표시중국채권증권모투자신탁(채권)
167,05F28,한국투자베어링하이일드증권모투자신탁(채권-재간접형),설정,100,05F35,한국투자베어링하이일드증권자투자신탁UH(채권-재간접형)(모),05F36,한국투자베어링하이일드증권자투자신탁UH(채권-재간접형)(A),05F28,05F35,05F36,X,X,X,05F28,한국투자베어링하이일드증권모투자신탁(채권-재간접형)
168,05F28,한국투자베어링하이일드증권모투자신탁(채권-재간접형),,,05F35,,05F37,한국투자베어링하이일드증권자투자신탁UH(채권-재간접형)(C),05F28,05F35,05F37,X,X,X,05F28,한국투자베어링하이일드증권모투자신탁(채권-재간접형)
169,05F28,한국투자베어링하이일드증권모투자신탁(채권-재간접형),해지,0,05F35,한국투자베어링하이일드증권자투자신탁UH(채권-재간접형)(모),05F36,한국투자베어링하이일드증권자투자신탁UH(채권-재간접형)(A),05F28,05F35,05F36,X,X,X,05F28,한국투자베어링하이일드증권모투자신탁(채권-재간접형)
170,05F28,한국투자베어링하이일드증권모투자신탁(채권-재간접형),,,05F35,,05F37,한국투자베어링하이일드증권자투자신탁UH(채권-재간접형)(C),05F28,05F35,05F37,X,X,X,05F28,한국투자베어링하이일드증권모투자신탁(채권-재간접형)
171,05W05,한국투자아시아플러스ex-China증권모투자신탁(채권),공통,60,05W07,한국투자아시아플러스증권자투자신탁(채권)(모),05W08,한국투자아시아플러스증권자투자신탁(채권)(A),05W05,05W07,05W08,X,X,X,05W05,한국투자아시아플러스ex-China증권모투자신탁(채권)
172,05W05,한국투자아시아플러스ex-China증권모투자신탁(채권),,,05W07,,05W10,한국투자아시아플러스증권자투자신탁(채권)(A-e),05W05,05W07,05W10,X,X,X,05W05,한국투자아시아플러스ex-China증권모투자신탁(채권)
173,05W05,한국투자아시아플러스ex-China증권모투자신탁(채권),,,05W07,,05W11,한국투자아시아플러스증권자투자신탁(채권)(C),05W05,05W07,05W11,X,X,X,05W05,한국투자아시아플러스ex-China증권모투자신탁(채권)
174,05W05,한국투자아시아플러스ex-China증권모투자신탁(채권),,,05W07,,05W12,한국투자아시아플러스증권자투자신탁(채권)(C-F),05W05,05W07,05W12,X,X,X,05W05,한국투자아시아플러스ex-China증권모투자신탁(채권)
175,05W05,한국투자아시아플러스ex-China증권모투자신탁(채권),,,05W07,,05W18,한국투자아시아플러스증권자투자신탁(채권)(C-W),05W05,05W07,05W18,X,X,X,05W05,한국투자아시아플러스ex-China증권모투자신탁(채권)
176,05W05,한국투자아시아플러스ex-China증권모투자신탁(채권),,,05W07,,05W19,한국투자아시아플러스증권자투자신탁(채권)(C-e),05W05,05W07,05W19,X,X,X,05W05,한국투자아시아플러스ex-China증권모투자신탁(채권)
177,06G26,한국투자스마트코리아증권모투자신탁(채권),공통,100,02475,한국투자장기주택마련증권자투자신탁1호(채권),,,06G26,02475,,X,X,X,06G26,한국투자스마트코리아증권모투자신탁(채권)
178,06G26,한국투자스마트코리아증권모투자신탁(채권),,,06G10,한국투자골드플랜연금증권전환형자투자신탁1호(채권)(모),03556,한국투자골드플랜연금증권전환형자투자신탁1호(채권)(C),06G26,06G10,03556,X,X,X,06G26,한국투자스마트코리아증권모투자신탁(채권)
179,06G26,한국투자스마트코리아증권모투자신탁(채권),,,06G10,,05A94,한국투자골드플랜연금증권전환형자투자신탁1호(채권)(C-e),06G26,06G10,05A94,X,X,X,06G26,한국투자스마트코리아증권모투자신탁(채권)
180,06G26,한국투자스마트코리아증권모투자신탁(채권),,,06G10,,06G12,한국투자골드플랜연금증권전환형자투자신탁1호(채권)(S-P),06G26,06G10,06G12,X,X,X,06G26,한국투자스마트코리아증권모투자신탁(채권)
181,06G26,한국투자스마트코리아증권모투자신탁(채권),,,06G10,,06G32,한국투자골드플랜연금증권전환형자투자신탁1호(채권)(C-F),06G26,06G10,06G32,X,X,X,06G26,한국투자스마트코리아증권모투자신탁(채권)
182,06G26,한국투자스마트코리아증권모투자신탁(채권),,,06G10,,06G33,한국투자골드플랜연금증권전환형자투자신탁1호(채권)(C-RJ),06G26,06G10,06G33,X,X,X,06G26,한국투자스마트코리아증권모투자신탁(채권)
183,06G27,한국투자마스터증권모투자신탁(국공채),공통,100,02X59,한국투자마스터증권자투자신탁1호(국공채)(모),01778,한국투자마스터증권자투자신탁1호(국공채)(C),06G27,02X59,01778,X,X,X,06G27,한국투자마스터증권모투자신탁(국공채)
184,06G27,한국투자마스터증권모투자신탁(국공채),,,02X59,,04D32,한국투자마스터증권자투자신탁1호(국공채)(C-F),06G27,02X59,04D32,X,X,X,06G27,한국투자마스터증권모투자신탁(국공채)
185,06G27,한국투자마스터증권모투자신탁(국공채),,,02X59,,05B92,한국투자마스터증권자투자신탁1호(국공채)(C-W),06G27,02X59,05B92,X,X,X,06G27,한국투자마스터증권모투자신탁(국공채)
186,06G27,한국투자마스터증권모투자신탁(국공채),,,02X59,,06G13,한국투자마스터증권자투자신탁1호(국공채)(S),06G27,02X59,06G13,X,X,X,06G27,한국투자마스터증권모투자신탁(국공채)
187,06G27,한국투자마스터증권모투자신탁(국공채),,80.5,04N27,한국투자롱텀밸류20증권자투자신탁(채권혼합)(모),04N30,한국투자롱텀밸류20증권자투자신탁(채권혼합)(C),06G27,04N27,04N30,X,X,X,06G27,한국투자마스터증권모투자신탁(국공채)
188,06G27,한국투자마스터증권모투자신탁(국공채),,10,05W74,한국투자중기우량채증권자투자신탁(채권)(모),05W75,한국투자중기우량채증권자투자신탁(채권)(A),06G27,05W74,05W75,X,X,X,06G27,한국투자마스터증권모투자신탁(국공채)
189,06G27,한국투자마스터증권모투자신탁(국공채),,,05W74,,05W76,한국투자중기우량채증권자투자신탁(채권)(A-e),06G27,05W74,05W76,X,X,X,06G27,한국투자마스터증권모투자신탁(국공채)
190,06G27,한국투자마스터증권모투자신탁(국공채),,,05W74,,05W78,한국투자중기우량채증권자투자신탁(채권)(C),06G27,05W74,05W78,X,X,X,06G27,한국투자마스터증권모투자신탁(국공채)
191,06G27,한국투자마스터증권모투자신탁(국공채),,,05W74,,05W79,한국투자중기우량채증권자투자신탁(채권)(C-e),06G27,05W74,05W79,X,X,X,06G27,한국투자마스터증권모투자신탁(국공채)
192,06G27,한국투자마스터증권모투자신탁(국공채),,,05W74,,05W80,한국투자중기우량채증권자투자신탁(채권)(C-F),06G27,05W74,05W80,X,X,X,06G27,한국투자마스터증권모투자신탁(국공채)
193,06G27,한국투자마스터증권모투자신탁(국공채),,,05W74,,05W84,한국투자중기우량채증권자투자신탁(채권)(C-R),06G27,05W74,05W84,X,X,X,06G27,한국투자마스터증권모투자신탁(국공채)
194,06G27,한국투자마스터증권모투자신탁(국공채),,,05W74,,05W85,한국투자중기우량채증권자투자신탁(채권)(C-Re),06G27,05W74,05W85,X,X,X,06G27,한국투자마스터증권모투자신탁(국공채)
195,06G27,한국투자마스터증권모투자신탁(국공채),,,05W74,,05W87,한국투자중기우량채증권자투자신탁(채권)(S),06G27,05W74,05W87,X,X,X,06G27,한국투자마스터증권모투자신탁(국공채)
196,06G27,한국투자마스터증권모투자신탁(국공채),,,05W74,,05W88,한국투자중기우량채증권자투자신탁(채권)(S-P),06G27,05W74,05W88,X,X,X,06G27,한국투자마스터증권모투자신탁(국공채)
197,06G27,한국투자마스터증권모투자신탁(국공채),,100,06G41,한국투자퇴직연금마스터단기증권자투자신탁(국공채)(모),06G42,한국투자퇴직연금마스터단기증권자투자신탁(국공채)(C),06G27,06G41,06G42,X,X,X,06G27,한국투자마스터증권모투자신탁(국공채)
198,06G27,한국투자마스터증권모투자신탁(국공채),,,10011,한국투자퇴직증권자투자신탁1호(채권),,,06G27,10011,,X,X,X,06G27,한국투자마스터증권모투자신탁(국공채)
199,07203,개인연금채권혼합모신탁,공통,100,00151,개인연금1호공사채투자신탁,,,07203,00151,,X,X,X,07203,개인연금채권혼합모신탁
200,07203,개인연금채권혼합모신탁,,,00152,개인연금2호공사채투자신탁,,,07203,00152,,X,X,X,07203,개인연금채권혼합모신탁
201,07203,개인연금채권혼합모신탁,,,00153,개인연금3호공사채투자신탁,,,07203,00153,,X,X,X,07203,개인연금채권혼합모신탁
202,07203,개인연금채권혼합모신탁,,,00154,개인연금4호공사채투자신탁,,,07203,00154,,X,X,X,07203,개인연금채권혼합모신탁
203,07203,개인연금채권혼합모신탁,,,00155,개인연금5호공사채투자신탁,,,07203,00155,,X,X,X,07203,개인연금채권혼합모신탁
204,07203,개인연금채권혼합모신탁,,,00156,개인연금6호공사채투자신탁,,,07203,00156,,X,X,X,07203,개인연금채권혼합모신탁
205,07203,개인연금채권혼합모신탁,,,09261,SE개인연금공사채투자신탁1호,,,07203,09261,,X,X,X,07203,개인연금채권혼합모신탁
206,07213,일반적립식채권모신탁,공통,0,07342,W개인연금주식2호,,,07213,07342,,X,X,X,07213,일반적립식채권모신탁
207,07213,일반적립식채권모신탁,,,07343,W개인연금주식3호,,,07213,07343,,X,X,X,07213,일반적립식채권모신탁
208,07213,일반적립식채권모신탁,,100,07344,W개인연금주식4호,,,07213,07344,,X,X,X,07213,일반적립식채권모신탁
209,07213,일반적립식채권모신탁,,,07527,D개인연금주식1,,,07213,07527,,X,X,X,07213,일반적립식채권모신탁
210,07213,일반적립식채권모신탁,,,07528,D개인연금주식2,,,07213,07528,,X,X,X,07213,일반적립식채권모신탁
211,07213,일반적립식채권모신탁,,,07529,D개인연금주식3,,,07213,07529,,X,X,X,07213,일반적립식채권모신탁
212,07213,일반적립식채권모신탁,,,07530,D개인연금주식4,,,07213,07530,,X,X,X,07213,일반적립식채권모신탁
213,07213,일반적립식채권모신탁,,,07531,D개인연금주식5,,,07213,07531,,X,X,X,07213,일반적립식채권모신탁
214,07213,일반적립식채권모신탁,,,07532,D개인연금주식6,,,07213,07532,,X,X,X,07213,일반적립식채권모신탁
215,07213,일반적립식채권모신탁,,0,07545,D근로자우대주식,,,07213,07545,,X,X,X,07213,일반적립식채권모신탁
216,07213,일반적립식채권모신탁,,,07857,D노후연금주식A9,,,07213,07857,,X,X,X,07213,일반적립식채권모신탁
217,07213,일반적립식채권모신탁,,,07877,D신세금3주식D1,,,07213,07877,,X,X,X,07213,일반적립식채권모신탁
218,07213,일반적립식채권모신탁,,100,07885,D21개인연금주식1,,,07213,07885,,X,X,X,07213,일반적립식채권모신탁
219,07B83,한국투자글로벌플렉스증권모투자신탁(USD)(채권혼합-재간접형),공통,0,07A25,한국투자글로벌플렉스증권자투자신탁(채권혼합-재간접형)(모),07A26,한국투자글로벌플렉스증권자투자신탁(채권혼합-재간접형)(A),07B83,07A25,07A26,X,X,X,07B83,한국투자글로벌플렉스증권모투자신탁(USD)(채권혼합-재간접형)
220,07B83,한국투자글로벌플렉스증권모투자신탁(USD)(채권혼합-재간접형),,,07A25,,07A27,한국투자글로벌플렉스증권자투자신탁(채권혼합-재간접형)(A-e),07B83,07A25,07A27,X,X,X,07B83,한국투자글로벌플렉스증권모투자신탁(USD)(채권혼합-재간접형)
221,07B83,한국투자글로벌플렉스증권모투자신탁(USD)(채권혼합-재간접형),,,07A25,,07A28,한국투자글로벌플렉스증권자투자신탁(채권혼합-재간접형)(C),07B83,07A25,07A28,X,X,X,07B83,한국투자글로벌플렉스증권모투자신탁(USD)(채권혼합-재간접형)
222,07B83,한국투자글로벌플렉스증권모투자신탁(USD)(채권혼합-재간접형),,,07A25,,07A29,한국투자글로벌플렉스증권자투자신탁(채권혼합-재간접형)(C-e),07B83,07A25,07A29,X,X,X,07B83,한국투자글로벌플렉스증권모투자신탁(USD)(채권혼합-재간접형)
223,07B83,한국투자글로벌플렉스증권모투자신탁(USD)(채권혼합-재간접형),,,07A25,,07A31,한국투자글로벌플렉스증권자투자신탁(채권혼합-재간접형)(C-P),07B83,07A25,07A31,X,X,X,07B83,한국투자글로벌플렉스증권모투자신탁(USD)(채권혼합-재간접형)
224,07B83,한국투자글로벌플렉스증권모투자신탁(USD)(채권혼합-재간접형),,,07A25,,07A32,한국투자글로벌플렉스증권자투자신탁(채권혼합-재간접형)(C-Pe),07B83,07A25,07A32,X,X,X,07B83,한국투자글로벌플렉스증권모투자신탁(USD)(채권혼합-재간접형)
225,07B83,한국투자글로벌플렉스증권모투자신탁(USD)(채권혼합-재간접형),,,07A25,,07A33,한국투자글로벌플렉스증권자투자신탁(채권혼합-재간접형)(C-W),07B83,07A25,07A33,X,X,X,07B83,한국투자글로벌플렉스증권모투자신탁(USD)(채권혼합-재간접형)
226,07B83,한국투자글로벌플렉스증권모투자신탁(USD)(채권혼합-재간접형),,,07A25,,07A34,한국투자글로벌플렉스증권자투자신탁(채권혼합-재간접형)(S),07B83,07A25,07A34,X,X,X,07B83,한국투자글로벌플렉스증권모투자신탁(USD)(채권혼합-재간접형)
227,07B83,한국투자글로벌플렉스증권모투자신탁(USD)(채권혼합-재간접형),,,07A25,,07A35,한국투자글로벌플렉스증권자투자신탁(채권혼합-재간접형)(S-P),07B83,07A25,07A35,X,X,X,07B83,한국투자글로벌플렉스증권모투자신탁(USD)(채권혼합-재간접형)
228,07B83,한국투자글로벌플렉스증권모투자신탁(USD)(채권혼합-재간접형),,,07A25,,07A38,한국투자글로벌플렉스증권자투자신탁(채권혼합-재간접형)(C-R),07B83,07A25,07A38,X,X,X,07B83,한국투자글로벌플렉스증권모투자신탁(USD)(채권혼합-재간접형)
229,07B83,한국투자글로벌플렉스증권모투자신탁(USD)(채권혼합-재간접형),,,07A25,,07A39,한국투자글로벌플렉스증권자투자신탁(채권혼합-재간접형)(C-Re),07B83,07A25,07A39,X,X,X,07B83,한국투자글로벌플렉스증권모투자신탁(USD)(채권혼합-재간접형)
230,07B83,한국투자글로벌플렉스증권모투자신탁(USD)(채권혼합-재간접형),,,07A25,,07A40,한국투자글로벌플렉스증권자투자신탁(채권혼합-재간접형)(S-R),07B83,07A25,07A40,X,X,X,07B83,한국투자글로벌플렉스증권모투자신탁(USD)(채권혼합-재간접형)
231,07W74,한국투자MAN다이나믹인컴증권모투자신탁(USD)(채권-재간접형),공통,0,07W75,한국투자MAN다이나믹인컴증권자투자신탁H(채권-재간접형)(모),07Z48,한국투자MAN다이나믹인컴증권자투자신탁H(채권-재간접형)(A),07W74,07W75,07Z48,X,X,X,07W74,한국투자MAN다이나믹인컴증권모투자신탁(USD)(채권-재간접형)
232,07W74,한국투자MAN다이나믹인컴증권모투자신탁(USD)(채권-재간접형),,,07W75,,07Z49,한국투자MAN다이나믹인컴증권자투자신탁H(채권-재간접형)(A-e),07W74,07W75,07Z49,X,X,X,07W74,한국투자MAN다이나믹인컴증권모투자신탁(USD)(채권-재간접형)
233,07W74,한국투자MAN다이나믹인컴증권모투자신탁(USD)(채권-재간접형),,,07W75,,07Z51,한국투자MAN다이나믹인컴증권자투자신탁H(채권-재간접형)(C),07W74,07W75,07Z51,X,X,X,07W74,한국투자MAN다이나믹인컴증권모투자신탁(USD)(채권-재간접형)
234,07W74,한국투자MAN다이나믹인컴증권모투자신탁(USD)(채권-재간접형),,,07W75,,07Z52,한국투자MAN다이나믹인컴증권자투자신탁H(채권-재간접형)(C-e),07W74,07W75,07Z52,X,X,X,07W74,한국투자MAN다이나믹인컴증권모투자신탁(USD)(채권-재간접형)
235,07W74,한국투자MAN다이나믹인컴증권모투자신탁(USD)(채권-재간접형),,,07W75,,07Z53,한국투자MAN다이나믹인컴증권자투자신탁H(채권-재간접형)(C-F),07W74,07W75,07Z53,X,X,X,07W74,한국투자MAN다이나믹인컴증권모투자신탁(USD)(채권-재간접형)
236,07W74,한국투자MAN다이나믹인컴증권모투자신탁(USD)(채권-재간접형),,,07W75,,07Z55,한국투자MAN다이나믹인컴증권자투자신탁H(채권-재간접형)(C-P),07W74,07W75,07Z55,X,X,X,07W74,한국투자MAN다이나믹인컴증권모투자신탁(USD)(채권-재간접형)
237,07W74,한국투자MAN다이나믹인컴증권모투자신탁(USD)(채권-재간접형),,,07W75,,07Z56,한국투자MAN다이나믹인컴증권자투자신탁H(채권-재간접형)(C-Pe),07W74,07W75,07Z56,X,X,X,07W74,한국투자MAN다이나믹인컴증권모투자신탁(USD)(채권-재간접형)
238,07W74,한국투자MAN다이나믹인컴증권모투자신탁(USD)(채권-재간접형),,,07W75,,07Z57,한국투자MAN다이나믹인컴증권자투자신탁H(채권-재간접형)(C-R),07W74,07W75,07Z57,X,X,X,07W74,한국투자MAN다이나믹인컴증권모투자신탁(USD)(채권-재간접형)
239,07W74,한국투자MAN다이나믹인컴증권모투자신탁(USD)(채권-재간접형),,,07W75,,07Z58,한국투자MAN다이나믹인컴증권자투자신탁H(채권-재간접형)(C-Re),07W74,07W75,07Z58,X,X,X,07W74,한국투자MAN다이나믹인컴증권모투자신탁(USD)(채권-재간접형)
240,07W74,한국투자MAN다이나믹인컴증권모투자신탁(USD)(채권-재간접형),,,07W75,,09P18,한국투자MAN다이나믹인컴증권자투자신탁H(채권-재간접형)(C-R2),07W74,07W75,09P18,X,X,X,07W74,한국투자MAN다이나믹인컴증권모투자신탁(USD)(채권-재간접형)
241,07W74,한국투자MAN다이나믹인컴증권모투자신탁(USD)(채권-재간접형),,,07W76,한국투자MAN다이나믹인컴증권자투자신탁UH(채권-재간접형)(모),07Z72,한국투자MAN다이나믹인컴증권자투자신탁UH(채권-재간접형)(A),07W74,07W76,07Z72,X,X,X,07W74,한국투자MAN다이나믹인컴증권모투자신탁(USD)(채권-재간접형)
242,07W74,한국투자MAN다이나믹인컴증권모투자신탁(USD)(채권-재간접형),,,07W76,,07Z73,한국투자MAN다이나믹인컴증권자투자신탁UH(채권-재간접형)(A-e),07W74,07W76,07Z73,X,X,X,07W74,한국투자MAN다이나믹인컴증권모투자신탁(USD)(채권-재간접형)
243,07W74,한국투자MAN다이나믹인컴증권모투자신탁(USD)(채권-재간접형),,,07W76,,07Z76,한국투자MAN다이나믹인컴증권자투자신탁UH(채권-재간접형)(C-e),07W74,07W76,07Z76,X,X,X,07W74,한국투자MAN다이나믹인컴증권모투자신탁(USD)(채권-재간접형)
244,07W74,한국투자MAN다이나믹인컴증권모투자신탁(USD)(채권-재간접형),,,07W76,,07Z79,한국투자MAN다이나믹인컴증권자투자신탁UH(채권-재간접형)(C-P),07W74,07W76,07Z79,X,X,X,07W74,한국투자MAN다이나믹인컴증권모투자신탁(USD)(채권-재간접형)
245,07W74,한국투자MAN다이나믹인컴증권모투자신탁(USD)(채권-재간접형),,,07W76,,07Z80,한국투자MAN다이나믹인컴증권자투자신탁UH(채권-재간접형)(C-Pe),07W74,07W76,07Z80,X,X,X,07W74,한국투자MAN다이나믹인컴증권모투자신탁(USD)(채권-재간접형)
246,07W74,한국투자MAN다이나믹인컴증권모투자신탁(USD)(채권-재간접형),,,07W76,,07Z82,한국투자MAN다이나믹인컴증권자투자신탁UH(채권-재간접형)(C-Re),07W74,07W76,07Z82,X,X,X,07W74,한국투자MAN다이나믹인컴증권모투자신탁(USD)(채권-재간접형)
247,07W74,한국투자MAN다이나믹인컴증권모투자신탁(USD)(채권-재간접형),,,07W77,한국투자MAN다이나믹인컴증권자투자신탁(USD)(채권-재간접형)(모),07Z36,한국투자MAN다이나믹인컴증권자투자신탁(USD)(채권-재간접형)(A),07W74,07W77,07Z36,X,X,X,07W74,한국투자MAN다이나믹인컴증권모투자신탁(USD)(채권-재간접형)
248,07W74,한국투자MAN다이나믹인컴증권모투자신탁(USD)(채권-재간접형),,,07W77,,07Z37,한국투자MAN다이나믹인컴증권자투자신탁(USD)(채권-재간접형)(A-e),07W74,07W77,07Z37,X,X,X,07W74,한국투자MAN다이나믹인컴증권모투자신탁(USD)(채권-재간접형)
249,07W74,한국투자MAN다이나믹인컴증권모투자신탁(USD)(채권-재간접형),,,07W77,,07Z39,한국투자MAN다이나믹인컴증권자투자신탁(USD)(채권-재간접형)(C),07W74,07W77,07Z39,X,X,X,07W74,한국투자MAN다이나믹인컴증권모투자신탁(USD)(채권-재간접형)
250,07W74,한국투자MAN다이나믹인컴증권모투자신탁(USD)(채권-재간접형),,,07W77,,07Z40,한국투자MAN다이나믹인컴증권자투자신탁(USD)(채권-재간접형)(C-e),07W74,07W77,07Z40,X,X,X,07W74,한국투자MAN다이나믹인컴증권모투자신탁(USD)(채권-재간접형)
251,07W74,한국투자MAN다이나믹인컴증권모투자신탁(USD)(채권-재간접형),,,07W78,한국투자MAN다이나믹인컴월배당증권자투자신탁H(채권-재간접형)(모),07Z60,한국투자MAN다이나믹인컴월배당증권자투자신탁H(채권-재간접형)(A),07W74,07W78,07Z60,X,X,X,07W74,한국투자MAN다이나믹인컴증권모투자신탁(USD)(채권-재간접형)
252,07W74,한국투자MAN다이나믹인컴증권모투자신탁(USD)(채권-재간접형),,,07W78,,07Z61,한국투자MAN다이나믹인컴월배당증권자투자신탁H(채권-재간접형)(A-e),07W74,07W78,07Z61,X,X,X,07W74,한국투자MAN다이나믹인컴증권모투자신탁(USD)(채권-재간접형)
253,07W74,한국투자MAN다이나믹인컴증권모투자신탁(USD)(채권-재간접형),,,07W78,,07Z63,한국투자MAN다이나믹인컴월배당증권자투자신탁H(채권-재간접형)(C),07W74,07W78,07Z63,X,X,X,07W74,한국투자MAN다이나믹인컴증권모투자신탁(USD)(채권-재간접형)
254,07W74,한국투자MAN다이나믹인컴증권모투자신탁(USD)(채권-재간접형),,,07W78,,07Z64,한국투자MAN다이나믹인컴월배당증권자투자신탁H(채권-재간접형)(C-e),07W74,07W78,07Z64,X,X,X,07W74,한국투자MAN다이나믹인컴증권모투자신탁(USD)(채권-재간접형)
255,07W74,한국투자MAN다이나믹인컴증권모투자신탁(USD)(채권-재간접형),,,09B07,한국투자MAN다이나믹인컴월배당증권자투자신탁(USD)(채권-재간접형)(모),09B08,한국투자MAN다이나믹인컴월배당증권자투자신탁(USD)(채권-재간접형)(A),07W74,09B07,09B08,X,X,X,07W74,한국투자MAN다이나믹인컴증권모투자신탁(USD)(채권-재간접형)
256,07W74,한국투자MAN다이나믹인컴증권모투자신탁(USD)(채권-재간접형),,,09B07,,09B09,한국투자MAN다이나믹인컴월배당증권자투자신탁(USD)(채권-재간접형)(A-e),07W74,09B07,09B09,X,X,X,07W74,한국투자MAN다이나믹인컴증권모투자신탁(USD)(채권-재간접형)
257,07W74,한국투자MAN다이나믹인컴증권모투자신탁(USD)(채권-재간접형),,,09B07,,09B11,한국투자MAN다이나믹인컴월배당증권자투자신탁(USD)(채권-재간접형)(C),07W74,09B07,09B11,X,X,X,07W74,한국투자MAN다이나믹인컴증권모투자신탁(USD)(채권-재간접형)
258,09A40,한국투자미국하이일드증권모투자신탁(USD)(채권-재간접형),공통,0,09A41,한국투자미국하이일드월배당증권자투자신탁(USD)(채권-재간접형)(모),09A42,한국투자미국하이일드월배당증권자투자신탁(USD)(채권-재간접형)(A),09A40,09A41,09A42,X,X,X,09A40,한국투자미국하이일드증권모투자신탁(USD)(채권-재간접형)
259,09A40,한국투자미국하이일드증권모투자신탁(USD)(채권-재간접형),,,09A41,,09A43,한국투자미국하이일드월배당증권자투자신탁(USD)(채권-재간접형)(A-e),09A40,09A41,09A43,X,X,X,09A40,한국투자미국하이일드증권모투자신탁(USD)(채권-재간접형)
260,09A40,한국투자미국하이일드증권모투자신탁(USD)(채권-재간접형),,,09A41,,09A44,한국투자미국하이일드월배당증권자투자신탁(USD)(채권-재간접형)(A-G),09A40,09A41,09A44,X,X,X,09A40,한국투자미국하이일드증권모투자신탁(USD)(채권-재간접형)
261,09A40,한국투자미국하이일드증권모투자신탁(USD)(채권-재간접형),,,09A41,,09A45,한국투자미국하이일드월배당증권자투자신탁(USD)(채권-재간접형)(C),09A40,09A41,09A45,X,X,X,09A40,한국투자미국하이일드증권모투자신탁(USD)(채권-재간접형)
262,09A40,한국투자미국하이일드증권모투자신탁(USD)(채권-재간접형),,,09A41,,09A46,한국투자미국하이일드월배당증권자투자신탁(USD)(채권-재간접형)(C-e),09A40,09A41,09A46,X,X,X,09A40,한국투자미국하이일드증권모투자신탁(USD)(채권-재간접형)
263,09A40,한국투자미국하이일드증권모투자신탁(USD)(채권-재간접형),,,09A41,,09A47,한국투자미국하이일드월배당증권자투자신탁(USD)(채권-재간접형)(C-F),09A40,09A41,09A47,X,X,X,09A40,한국투자미국하이일드증권모투자신탁(USD)(채권-재간접형)
264,09A40,한국투자미국하이일드증권모투자신탁(USD)(채권-재간접형),,,09A41,,09A48,한국투자미국하이일드월배당증권자투자신탁(USD)(채권-재간접형)(C-G),09A40,09A41,09A48,X,X,X,09A40,한국투자미국하이일드증권모투자신탁(USD)(채권-재간접형)
265,09A40,한국투자미국하이일드증권모투자신탁(USD)(채권-재간접형),,,09A41,,09A49,한국투자미국하이일드월배당증권자투자신탁(USD)(채권-재간접형)(C-P),09A40,09A41,09A49,X,X,X,09A40,한국투자미국하이일드증권모투자신탁(USD)(채권-재간접형)
266,09A40,한국투자미국하이일드증권모투자신탁(USD)(채권-재간접형),,,09A41,,09A50,한국투자미국하이일드월배당증권자투자신탁(USD)(채권-재간접형)(C-Pe),09A40,09A41,09A50,X,X,X,09A40,한국투자미국하이일드증권모투자신탁(USD)(채권-재간접형)
267,09A40,한국투자미국하이일드증권모투자신탁(USD)(채권-재간접형),,,09A41,,09A51,한국투자미국하이일드월배당증권자투자신탁(USD)(채권-재간접형)(C-R),09A40,09A41,09A51,X,X,X,09A40,한국투자미국하이일드증권모투자신탁(USD)(채권-재간접형)
268,09A40,한국투자미국하이일드증권모투자신탁(USD)(채권-재간접형),,,09A41,,09A52,한국투자미국하이일드월배당증권자투자신탁(USD)(채권-재간접형)(C-Re),09A40,09A41,09A52,X,X,X,09A40,한국투자미국하이일드증권모투자신탁(USD)(채권-재간접형)
269,09A40,한국투자미국하이일드증권모투자신탁(USD)(채권-재간접형),,,09A41,,09A53,한국투자미국하이일드월배당증권자투자신탁(USD)(채권-재간접형)(C-W),09A40,09A41,09A53,X,X,X,09A40,한국투자미국하이일드증권모투자신탁(USD)(채권-재간접형)
270,09A40,한국투자미국하이일드증권모투자신탁(USD)(채권-재간접형),,,09A54,한국투자미국하이일드월배당증권자투자신탁H(채권-재간접형)(모),09A55,한국투자미국하이일드월배당증권자투자신탁H(채권-재간접형)(A),09A40,09A54,09A55,X,X,X,09A40,한국투자미국하이일드증권모투자신탁(USD)(채권-재간접형)
271,09A40,한국투자미국하이일드증권모투자신탁(USD)(채권-재간접형),,,09A54,,09A56,한국투자미국하이일드월배당증권자투자신탁H(채권-재간접형)(A-e),09A40,09A54,09A56,X,X,X,09A40,한국투자미국하이일드증권모투자신탁(USD)(채권-재간접형)
272,09A40,한국투자미국하이일드증권모투자신탁(USD)(채권-재간접형),,,09A54,,09A57,한국투자미국하이일드월배당증권자투자신탁H(채권-재간접형)(A-G),09A40,09A54,09A57,X,X,X,09A40,한국투자미국하이일드증권모투자신탁(USD)(채권-재간접형)
273,09A40,한국투자미국하이일드증권모투자신탁(USD)(채권-재간접형),,,09A54,,09A58,한국투자미국하이일드월배당증권자투자신탁H(채권-재간접형)(C),09A40,09A54,09A58,X,X,X,09A40,한국투자미국하이일드증권모투자신탁(USD)(채권-재간접형)
274,09A40,한국투자미국하이일드증권모투자신탁(USD)(채권-재간접형),,,09A54,,09A59,한국투자미국하이일드월배당증권자투자신탁H(채권-재간접형)(C-e),09A40,09A54,09A59,X,X,X,09A40,한국투자미국하이일드증권모투자신탁(USD)(채권-재간접형)
275,09A40,한국투자미국하이일드증권모투자신탁(USD)(채권-재간접형),,,09A54,,09A60,한국투자미국하이일드월배당증권자투자신탁H(채권-재간접형)(C-F),09A40,09A54,09A60,X,X,X,09A40,한국투자미국하이일드증권모투자신탁(USD)(채권-재간접형)
276,09A40,한국투자미국하이일드증권모투자신탁(USD)(채권-재간접형),,,09A54,,09A61,한국투자미국하이일드월배당증권자투자신탁H(채권-재간접형)(C-G),09A40,09A54,09A61,X,X,X,09A40,한국투자미국하이일드증권모투자신탁(USD)(채권-재간접형)
277,09A40,한국투자미국하이일드증권모투자신탁(USD)(채권-재간접형),,,09A54,,09A62,한국투자미국하이일드월배당증권자투자신탁H(채권-재간접형)(C-P),09A40,09A54,09A62,X,X,X,09A40,한국투자미국하이일드증권모투자신탁(USD)(채권-재간접형)
278,09A40,한국투자미국하이일드증권모투자신탁(USD)(채권-재간접형),,,09A54,,09A63,한국투자미국하이일드월배당증권자투자신탁H(채권-재간접형)(C-Pe),09A40,09A54,09A63,X,X,X,09A40,한국투자미국하이일드증권모투자신탁(USD)(채권-재간접형)
279,09A40,한국투자미국하이일드증권모투자신탁(USD)(채권-재간접형),,,09A54,,09A64,한국투자미국하이일드월배당증권자투자신탁H(채권-재간접형)(C-R),09A40,09A54,09A64,X,X,X,09A40,한국투자미국하이일드증권모투자신탁(USD)(채권-재간접형)
280,09A40,한국투자미국하이일드증권모투자신탁(USD)(채권-재간접형),,,09A54,,09A65,한국투자미국하이일드월배당증권자투자신탁H(채권-재간접형)(C-Re),09A40,09A54,09A65,X,X,X,09A40,한국투자미국하이일드증권모투자신탁(USD)(채권-재간접형)
281,09A40,한국투자미국하이일드증권모투자신탁(USD)(채권-재간접형),,,09A54,,09A66,한국투자미국하이일드월배당증권자투자신탁H(채권-재간접형)(C-W),09A40,09A54,09A66,X,X,X,09A40,한국투자미국하이일드증권모투자신탁(USD)(채권-재간접형)
282,09A40,한국투자미국하이일드증권모투자신탁(USD)(채권-재간접형),,,09A67,한국투자미국하이일드증권자투자신탁(USD)(채권-재간접형)(모),09A68,한국투자미국하이일드증권자투자신탁(USD)(채권-재간접형)(A),09A40,09A67,09A68,X,X,X,09A40,한국투자미국하이일드증권모투자신탁(USD)(채권-재간접형)
283,09A40,한국투자미국하이일드증권모투자신탁(USD)(채권-재간접형),,,09A67,,09A69,한국투자미국하이일드증권자투자신탁(USD)(채권-재간접형)(A-e),09A40,09A67,09A69,X,X,X,09A40,한국투자미국하이일드증권모투자신탁(USD)(채권-재간접형)
284,09A40,한국투자미국하이일드증권모투자신탁(USD)(채권-재간접형),,,09A67,,09A70,한국투자미국하이일드증권자투자신탁(USD)(채권-재간접형)(A-G),09A40,09A67,09A70,X,X,X,09A40,한국투자미국하이일드증권모투자신탁(USD)(채권-재간접형)
285,09A40,한국투자미국하이일드증권모투자신탁(USD)(채권-재간접형),,,09A67,,09A71,한국투자미국하이일드증권자투자신탁(USD)(채권-재간접형)(C),09A40,09A67,09A71,X,X,X,09A40,한국투자미국하이일드증권모투자신탁(USD)(채권-재간접형)
286,09A40,한국투자미국하이일드증권모투자신탁(USD)(채권-재간접형),,,09A67,,09A72,한국투자미국하이일드증권자투자신탁(USD)(채권-재간접형)(C-e),09A40,09A67,09A72,X,X,X,09A40,한국투자미국하이일드증권모투자신탁(USD)(채권-재간접형)
287,09A40,한국투자미국하이일드증권모투자신탁(USD)(채권-재간접형),,,09A67,,09A73,한국투자미국하이일드증권자투자신탁(USD)(채권-재간접형)(C-F),09A40,09A67,09A73,X,X,X,09A40,한국투자미국하이일드증권모투자신탁(USD)(채권-재간접형)
288,09A40,한국투자미국하이일드증권모투자신탁(USD)(채권-재간접형),,,09A67,,09A74,한국투자미국하이일드증권자투자신탁(USD)(채권-재간접형)(C-G),09A40,09A67,09A74,X,X,X,09A40,한국투자미국하이일드증권모투자신탁(USD)(채권-재간접형)
289,09A40,한국투자미국하이일드증권모투자신탁(USD)(채권-재간접형),,,09A67,,09A75,한국투자미국하이일드증권자투자신탁(USD)(채권-재간접형)(C-P),09A40,09A67,09A75,X,X,X,09A40,한국투자미국하이일드증권모투자신탁(USD)(채권-재간접형)
290,09A40,한국투자미국하이일드증권모투자신탁(USD)(채권-재간접형),,,09A67,,09A76,한국투자미국하이일드증권자투자신탁(USD)(채권-재간접형)(C-Pe),09A40,09A67,09A76,X,X,X,09A40,한국투자미국하이일드증권모투자신탁(USD)(채권-재간접형)
291,09A40,한국투자미국하이일드증권모투자신탁(USD)(채권-재간접형),,,09A67,,09A77,한국투자미국하이일드증권자투자신탁(USD)(채권-재간접형)(C-R),09A40,09A67,09A77,X,X,X,09A40,한국투자미국하이일드증권모투자신탁(USD)(채권-재간접형)
292,09A40,한국투자미국하이일드증권모투자신탁(USD)(채권-재간접형),,,09A67,,09A78,한국투자미국하이일드증권자투자신탁(USD)(채권-재간접형)(C-Re),09A40,09A67,09A78,X,X,X,09A40,한국투자미국하이일드증권모투자신탁(USD)(채권-재간접형)
293,09A40,한국투자미국하이일드증권모투자신탁(USD)(채권-재간접형),,,09A67,,09A79,한국투자미국하이일드증권자투자신탁(USD)(채권-재간접형)(C-W),09A40,09A67,09A79,X,X,X,09A40,한국투자미국하이일드증권모투자신탁(USD)(채권-재간접형)
294,09A40,한국투자미국하이일드증권모투자신탁(USD)(채권-재간접형),,,09A80,한국투자미국하이일드증권자투자신탁H(채권-재간접형)(모),09A81,한국투자미국하이일드증권자투자신탁H(채권-재간접형)(A),09A40,09A80,09A81,X,X,X,09A40,한국투자미국하이일드증권모투자신탁(USD)(채권-재간접형)
295,09A40,한국투자미국하이일드증권모투자신탁(USD)(채권-재간접형),,,09A80,,09A82,한국투자미국하이일드증권자투자신탁H(채권-재간접형)(A-e),09A40,09A80,09A82,X,X,X,09A40,한국투자미국하이일드증권모투자신탁(USD)(채권-재간접형)
296,09A40,한국투자미국하이일드증권모투자신탁(USD)(채권-재간접형),,,09A80,,09A83,한국투자미국하이일드증권자투자신탁H(채권-재간접형)(A-G),09A40,09A80,09A83,X,X,X,09A40,한국투자미국하이일드증권모투자신탁(USD)(채권-재간접형)
297,09A40,한국투자미국하이일드증권모투자신탁(USD)(채권-재간접형),,,09A80,,09A84,한국투자미국하이일드증권자투자신탁H(채권-재간접형)(C),09A40,09A80,09A84,X,X,X,09A40,한국투자미국하이일드증권모투자신탁(USD)(채권-재간접형)
298,09A40,한국투자미국하이일드증권모투자신탁(USD)(채권-재간접형),,,09A80,,09A85,한국투자미국하이일드증권자투자신탁H(채권-재간접형)(C-e),09A40,09A80,09A85,X,X,X,09A40,한국투자미국하이일드증권모투자신탁(USD)(채권-재간접형)
299,09A40,한국투자미국하이일드증권모투자신탁(USD)(채권-재간접형),,,09A80,,09A86,한국투자미국하이일드증권자투자신탁H(채권-재간접형)(C-F),09A40,09A80,09A86,X,X,X,09A40,한국투자미국하이일드증권모투자신탁(USD)(채권-재간접형)
300,09A40,한국투자미국하이일드증권모투자신탁(USD)(채권-재간접형),,,09A80,,09A87,한국투자미국하이일드증권자투자신탁H(채권-재간접형)(C-G),09A40,09A80,09A87,X,X,X,09A40,한국투자미국하이일드증권모투자신탁(USD)(채권-재간접형)
301,09A40,한국투자미국하이일드증권모투자신탁(USD)(채권-재간접형),,,09A80,,09A88,한국투자미국하이일드증권자투자신탁H(채권-재간접형)(C-P),09A40,09A80,09A88,X,X,X,09A40,한국투자미국하이일드증권모투자신탁(USD)(채권-재간접형)
302,09A40,한국투자미국하이일드증권모투자신탁(USD)(채권-재간접형),,,09A80,,09A89,한국투자미국하이일드증권자투자신탁H(채권-재간접형)(C-Pe),09A40,09A80,09A89,X,X,X,09A40,한국투자미국하이일드증권모투자신탁(USD)(채권-재간접형)
303,09A40,한국투자미국하이일드증권모투자신탁(USD)(채권-재간접형),,,09A80,,09A90,한국투자미국하이일드증권자투자신탁H(채권-재간접형)(C-R),09A40,09A80,09A90,X,X,X,09A40,한국투자미국하이일드증권모투자신탁(USD)(채권-재간접형)
304,09A40,한국투자미국하이일드증권모투자신탁(USD)(채권-재간접형),,,09A80,,09A91,한국투자미국하이일드증권자투자신탁H(채권-재간접형)(C-Re),09A40,09A80,09A91,X,X,X,09A40,한국투자미국하이일드증권모투자신탁(USD)(채권-재간접형)
305,09A40,한국투자미국하이일드증권모투자신탁(USD)(채권-재간접형),,,09A80,,09A92,한국투자미국하이일드증권자투자신탁H(채권-재간접형)(C-W),09A40,09A80,09A92,X,X,X,09A40,한국투자미국하이일드증권모투자신탁(USD)(채권-재간접형)
306,09A40,한국투자미국하이일드증권모투자신탁(USD)(채권-재간접형),,,09A93,한국투자미국하이일드증권자투자신탁UH(채권-재간접형)(모),09A94,한국투자미국하이일드증권자투자신탁UH(채권-재간접형)(A),09A40,09A93,09A94,X,X,X,09A40,한국투자미국하이일드증권모투자신탁(USD)(채권-재간접형)
307,09A40,한국투자미국하이일드증권모투자신탁(USD)(채권-재간접형),,,09A93,,09A95,한국투자미국하이일드증권자투자신탁UH(채권-재간접형)(A-e),09A40,09A93,09A95,X,X,X,09A40,한국투자미국하이일드증권모투자신탁(USD)(채권-재간접형)
308,09A40,한국투자미국하이일드증권모투자신탁(USD)(채권-재간접형),,,09A93,,09A96,한국투자미국하이일드증권자투자신탁UH(채권-재간접형)(A-G),09A40,09A93,09A96,X,X,X,09A40,한국투자미국하이일드증권모투자신탁(USD)(채권-재간접형)
309,09A40,한국투자미국하이일드증권모투자신탁(USD)(채권-재간접형),,,09A93,,09A97,한국투자미국하이일드증권자투자신탁UH(채권-재간접형)(C),09A40,09A93,09A97,X,X,X,09A40,한국투자미국하이일드증권모투자신탁(USD)(채권-재간접형)
310,09A40,한국투자미국하이일드증권모투자신탁(USD)(채권-재간접형),,,09A93,,09A98,한국투자미국하이일드증권자투자신탁UH(채권-재간접형)(C-e),09A40,09A93,09A98,X,X,X,09A40,한국투자미국하이일드증권모투자신탁(USD)(채권-재간접형)
311,09A40,한국투자미국하이일드증권모투자신탁(USD)(채권-재간접형),,,09A93,,09A99,한국투자미국하이일드증권자투자신탁UH(채권-재간접형)(C-F),09A40,09A93,09A99,X,X,X,09A40,한국투자미국하이일드증권모투자신탁(USD)(채권-재간접형)
312,09A40,한국투자미국하이일드증권모투자신탁(USD)(채권-재간접형),,,09A93,,09B01,한국투자미국하이일드증권자투자신탁UH(채권-재간접형)(C-G),09A40,09A93,09B01,X,X,X,09A40,한국투자미국하이일드증권모투자신탁(USD)(채권-재간접형)
313,09A40,한국투자미국하이일드증권모투자신탁(USD)(채권-재간접형),,,09A93,,09B02,한국투자미국하이일드증권자투자신탁UH(채권-재간접형)(C-P),09A40,09A93,09B02,X,X,X,09A40,한국투자미국하이일드증권모투자신탁(USD)(채권-재간접형)
314,09A40,한국투자미국하이일드증권모투자신탁(USD)(채권-재간접형),,,09A93,,09B03,한국투자미국하이일드증권자투자신탁UH(채권-재간접형)(C-Pe),09A40,09A93,09B03,X,X,X,09A40,한국투자미국하이일드증권모투자신탁(USD)(채권-재간접형)
315,09A40,한국투자미국하이일드증권모투자신탁(USD)(채권-재간접형),,,09A93,,09B04,한국투자미국하이일드증권자투자신탁UH(채권-재간접형)(C-R),09A40,09A93,09B04,X,X,X,09A40,한국투자미국하이일드증권모투자신탁(USD)(채권-재간접형)
316,09A40,한국투자미국하이일드증권모투자신탁(USD)(채권-재간접형),,,09A93,,09B05,한국투자미국하이일드증권자투자신탁UH(채권-재간접형)(C-Re),09A40,09A93,09B05,X,X,X,09A40,한국투자미국하이일드증권모투자신탁(USD)(채권-재간접형)
317,09A40,한국투자미국하이일드증권모투자신탁(USD)(채권-재간접형),,,09A93,,09B06,한국투자미국하이일드증권자투자신탁UH(채권-재간접형)(C-W),09A40,09A93,09B06,X,X,X,09A40,한국투자미국하이일드증권모투자신탁(USD)(채권-재간접형)
318,09H42,한국투자CapitalGroup글로벌하이일드오퍼튜니티증권모투자신탁(USD)(채권-재간접형),공통,0,09H43,한국투자CapitalGroup글로벌하이일드오퍼튜니티증권자투자신탁(USD)(채권-재간접형)(모),09H44,한국투자CapitalGroup글로벌하이일드오퍼튜니티증권자투자신탁(USD)(채권-재간접형)(A),09H42,09H43,09H44,X,X,X,09H42,한국투자CapitalGroup글로벌하이일드오퍼튜니티증권모투자신탁(USD)(채권-재간접형)
319,09H42,한국투자CapitalGroup글로벌하이일드오퍼튜니티증권모투자신탁(USD)(채권-재간접형),,,09H43,,09H45,한국투자CapitalGroup글로벌하이일드오퍼튜니티증권자투자신탁(USD)(채권-재간접형)(A-e),09H42,09H43,09H45,X,X,X,09H42,한국투자CapitalGroup글로벌하이일드오퍼튜니티증권모투자신탁(USD)(채권-재간접형)
320,09H42,한국투자CapitalGroup글로벌하이일드오퍼튜니티증권모투자신탁(USD)(채권-재간접형),,,09H43,,09H46,한국투자CapitalGroup글로벌하이일드오퍼튜니티증권자투자신탁(USD)(채권-재간접형)(A-G),09H42,09H43,09H46,X,X,X,09H42,한국투자CapitalGroup글로벌하이일드오퍼튜니티증권모투자신탁(USD)(채권-재간접형)
321,09H42,한국투자CapitalGroup글로벌하이일드오퍼튜니티증권모투자신탁(USD)(채권-재간접형),,,09H43,,09H47,한국투자CapitalGroup글로벌하이일드오퍼튜니티증권자투자신탁(USD)(채권-재간접형)(C),09H42,09H43,09H47,X,X,X,09H42,한국투자CapitalGroup글로벌하이일드오퍼튜니티증권모투자신탁(USD)(채권-재간접형)
322,09H42,한국투자CapitalGroup글로벌하이일드오퍼튜니티증권모투자신탁(USD)(채권-재간접형),,,09H43,,09H48,한국투자CapitalGroup글로벌하이일드오퍼튜니티증권자투자신탁(USD)(채권-재간접형)(C-e),09H42,09H43,09H48,X,X,X,09H42,한국투자CapitalGroup글로벌하이일드오퍼튜니티증권모투자신탁(USD)(채권-재간접형)
323,09H42,한국투자CapitalGroup글로벌하이일드오퍼튜니티증권모투자신탁(USD)(채권-재간접형),,,09H43,,09H49,한국투자CapitalGroup글로벌하이일드오퍼튜니티증권자투자신탁(USD)(채권-재간접형)(C-F),09H42,09H43,09H49,X,X,X,09H42,한국투자CapitalGroup글로벌하이일드오퍼튜니티증권모투자신탁(USD)(채권-재간접형)
324,09H42,한국투자CapitalGroup글로벌하이일드오퍼튜니티증권모투자신탁(USD)(채권-재간접형),,,09H43,,09H50,한국투자CapitalGroup글로벌하이일드오퍼튜니티증권자투자신탁(USD)(채권-재간접형)(C-G),09H42,09H43,09H50,X,X,X,09H42,한국투자CapitalGroup글로벌하이일드오퍼튜니티증권모투자신탁(USD)(채권-재간접형)
325,09H42,한국투자CapitalGroup글로벌하이일드오퍼튜니티증권모투자신탁(USD)(채권-재간접형),,,09H43,,09H51,한국투자CapitalGroup글로벌하이일드오퍼튜니티증권자투자신탁(USD)(채권-재간접형)(C-P),09H42,09H43,09H51,X,X,X,09H42,한국투자CapitalGroup글로벌하이일드오퍼튜니티증권모투자신탁(USD)(채권-재간접형)
326,09H42,한국투자CapitalGroup글로벌하이일드오퍼튜니티증권모투자신탁(USD)(채권-재간접형),,,09H43,,09H52,한국투자CapitalGroup글로벌하이일드오퍼튜니티증권자투자신탁(USD)(채권-재간접형)(C-Pe),09H42,09H43,09H52,X,X,X,09H42,한국투자CapitalGroup글로벌하이일드오퍼튜니티증권모투자신탁(USD)(채권-재간접형)
327,09H42,한국투자CapitalGroup글로벌하이일드오퍼튜니티증권모투자신탁(USD)(채권-재간접형),,,09H43,,09H53,한국투자CapitalGroup글로벌하이일드오퍼튜니티증권자투자신탁(USD)(채권-재간접형)(C-R),09H42,09H43,09H53,X,X,X,09H42,한국투자CapitalGroup글로벌하이일드오퍼튜니티증권모투자신탁(USD)(채권-재간접형)
328,09H42,한국투자CapitalGroup글로벌하이일드오퍼튜니티증권모투자신탁(USD)(채권-재간접형),,,09H43,,09H54,한국투자CapitalGroup글로벌하이일드오퍼튜니티증권자투자신탁(USD)(채권-재간접형)(C-Re),09H42,09H43,09H54,X,X,X,09H42,한국투자CapitalGroup글로벌하이일드오퍼튜니티증권모투자신탁(USD)(채권-재간접형)
329,09H42,한국투자CapitalGroup글로벌하이일드오퍼튜니티증권모투자신탁(USD)(채권-재간접형),,,09H43,,09H55,한국투자CapitalGroup글로벌하이일드오퍼튜니티증권자투자신탁(USD)(채권-재간접형)(C-W),09H42,09H43,09H55,X,X,X,09H42,한국투자CapitalGroup글로벌하이일드오퍼튜니티증권모투자신탁(USD)(채권-재간접형)
330,09H42,한국투자CapitalGroup글로벌하이일드오퍼튜니티증권모투자신탁(USD)(채권-재간접형),,,09H43,,09K09,한국투자CapitalGroup글로벌하이일드오퍼튜니티증권자투자신탁(USD)(채권-재간접형)(A1),09H42,09H43,09K09,X,X,X,09H42,한국투자CapitalGroup글로벌하이일드오퍼튜니티증권모투자신탁(USD)(채권-재간접형)
331,09H42,한국투자CapitalGroup글로벌하이일드오퍼튜니티증권모투자신탁(USD)(채권-재간접형),,,09H56,한국투자CapitalGroup글로벌하이일드오퍼튜니티증권자투자신탁H(채권-재간접형)(모),09H57,한국투자CapitalGroup글로벌하이일드오퍼튜니티증권자투자신탁H(채권-재간접형)(A),09H42,09H56,09H57,X,X,X,09H42,한국투자CapitalGroup글로벌하이일드오퍼튜니티증권모투자신탁(USD)(채권-재간접형)
332,09H42,한국투자CapitalGroup글로벌하이일드오퍼튜니티증권모투자신탁(USD)(채권-재간접형),,,09H56,,09H58,한국투자CapitalGroup글로벌하이일드오퍼튜니티증권자투자신탁H(채권-재간접형)(A-e),09H42,09H56,09H58,X,X,X,09H42,한국투자CapitalGroup글로벌하이일드오퍼튜니티증권모투자신탁(USD)(채권-재간접형)
333,09H42,한국투자CapitalGroup글로벌하이일드오퍼튜니티증권모투자신탁(USD)(채권-재간접형),,,09H56,,09H59,한국투자CapitalGroup글로벌하이일드오퍼튜니티증권자투자신탁H(채권-재간접형)(A-G),09H42,09H56,09H59,X,X,X,09H42,한국투자CapitalGroup글로벌하이일드오퍼튜니티증권모투자신탁(USD)(채권-재간접형)
334,09H42,한국투자CapitalGroup글로벌하이일드오퍼튜니티증권모투자신탁(USD)(채권-재간접형),,,09H56,,09H60,한국투자CapitalGroup글로벌하이일드오퍼튜니티증권자투자신탁H(채권-재간접형)(C),09H42,09H56,09H60,X,X,X,09H42,한국투자CapitalGroup글로벌하이일드오퍼튜니티증권모투자신탁(USD)(채권-재간접형)
335,09H42,한국투자CapitalGroup글로벌하이일드오퍼튜니티증권모투자신탁(USD)(채권-재간접형),,,09H56,,09H61,한국투자CapitalGroup글로벌하이일드오퍼튜니티증권자투자신탁H(채권-재간접형)(C-e),09H42,09H56,09H61,X,X,X,09H42,한국투자CapitalGroup글로벌하이일드오퍼튜니티증권모투자신탁(USD)(채권-재간접형)
336,09H42,한국투자CapitalGroup글로벌하이일드오퍼튜니티증권모투자신탁(USD)(채권-재간접형),,,09H56,,09H62,한국투자CapitalGroup글로벌하이일드오퍼튜니티증권자투자신탁H(채권-재간접형)(C-F),09H42,09H56,09H62,X,X,X,09H42,한국투자CapitalGroup글로벌하이일드오퍼튜니티증권모투자신탁(USD)(채권-재간접형)
337,09H42,한국투자CapitalGroup글로벌하이일드오퍼튜니티증권모투자신탁(USD)(채권-재간접형),,,09H56,,09H63,한국투자CapitalGroup글로벌하이일드오퍼튜니티증권자투자신탁H(채권-재간접형)(C-G),09H42,09H56,09H63,X,X,X,09H42,한국투자CapitalGroup글로벌하이일드오퍼튜니티증권모투자신탁(USD)(채권-재간접형)
338,09H42,한국투자CapitalGroup글로벌하이일드오퍼튜니티증권모투자신탁(USD)(채권-재간접형),,,09H56,,09H64,한국투자CapitalGroup글로벌하이일드오퍼튜니티증권자투자신탁H(채권-재간접형)(C-P),09H42,09H56,09H64,X,X,X,09H42,한국투자CapitalGroup글로벌하이일드오퍼튜니티증권모투자신탁(USD)(채권-재간접형)
339,09H42,한국투자CapitalGroup글로벌하이일드오퍼튜니티증권모투자신탁(USD)(채권-재간접형),,,09H56,,09H65,한국투자CapitalGroup글로벌하이일드오퍼튜니티증권자투자신탁H(채권-재간접형)(C-Pe),09H42,09H56,09H65,X,X,X,09H42,한국투자CapitalGroup글로벌하이일드오퍼튜니티증권모투자신탁(USD)(채권-재간접형)
340,09H42,한국투자CapitalGroup글로벌하이일드오퍼튜니티증권모투자신탁(USD)(채권-재간접형),,,09H56,,09H66,한국투자CapitalGroup글로벌하이일드오퍼튜니티증권자투자신탁H(채권-재간접형)(C-R),09H42,09H56,09H66,X,X,X,09H42,한국투자CapitalGroup글로벌하이일드오퍼튜니티증권모투자신탁(USD)(채권-재간접형)
341,09H42,한국투자CapitalGroup글로벌하이일드오퍼튜니티증권모투자신탁(USD)(채권-재간접형),,,09H56,,09H67,한국투자CapitalGroup글로벌하이일드오퍼튜니티증권자투자신탁H(채권-재간접형)(C-Re),09H42,09H56,09H67,X,X,X,09H42,한국투자CapitalGroup글로벌하이일드오퍼튜니티증권모투자신탁(USD)(채권-재간접형)
342,09H42,한국투자CapitalGroup글로벌하이일드오퍼튜니티증권모투자신탁(USD)(채권-재간접형),,,09H56,,09H68,한국투자CapitalGroup글로벌하이일드오퍼튜니티증권자투자신탁H(채권-재간접형)(C-W),09H42,09H56,09H68,X,X,X,09H42,한국투자CapitalGroup글로벌하이일드오퍼튜니티증권모투자신탁(USD)(채권-재간접형)
343,09H42,한국투자CapitalGroup글로벌하이일드오퍼튜니티증권모투자신탁(USD)(채권-재간접형),,,09H56,,09K10,한국투자CapitalGroup글로벌하이일드오퍼튜니티증권자투자신탁H(채권-재간접형)(A1),09H42,09H56,09K10,X,X,X,09H42,한국투자CapitalGroup글로벌하이일드오퍼튜니티증권모투자신탁(USD)(채권-재간접형)
344,09H42,한국투자CapitalGroup글로벌하이일드오퍼튜니티증권모투자신탁(USD)(채권-재간접형),,,09H69,한국투자CapitalGroup글로벌하이일드오퍼튜니티증권자투자신탁UH(채권-재간접형)(모),09H70,한국투자CapitalGroup글로벌하이일드오퍼튜니티증권자투자신탁UH(채권-재간접형)(A),09H42,09H69,09H70,X,X,X,09H42,한국투자CapitalGroup글로벌하이일드오퍼튜니티증권모투자신탁(USD)(채권-재간접형)
345,09H42,한국투자CapitalGroup글로벌하이일드오퍼튜니티증권모투자신탁(USD)(채권-재간접형),,,09H69,,09H71,한국투자CapitalGroup글로벌하이일드오퍼튜니티증권자투자신탁UH(채권-재간접형)(A-e),09H42,09H69,09H71,X,X,X,09H42,한국투자CapitalGroup글로벌하이일드오퍼튜니티증권모투자신탁(USD)(채권-재간접형)
346,09H42,한국투자CapitalGroup글로벌하이일드오퍼튜니티증권모투자신탁(USD)(채권-재간접형),,,09H69,,09H72,한국투자CapitalGroup글로벌하이일드오퍼튜니티증권자투자신탁UH(채권-재간접형)(A-G),09H42,09H69,09H72,X,X,X,09H42,한국투자CapitalGroup글로벌하이일드오퍼튜니티증권모투자신탁(USD)(채권-재간접형)
347,09H42,한국투자CapitalGroup글로벌하이일드오퍼튜니티증권모투자신탁(USD)(채권-재간접형),,,09H69,,09H73,한국투자CapitalGroup글로벌하이일드오퍼튜니티증권자투자신탁UH(채권-재간접형)(C),09H42,09H69,09H73,X,X,X,09H42,한국투자CapitalGroup글로벌하이일드오퍼튜니티증권모투자신탁(USD)(채권-재간접형)
348,09H42,한국투자CapitalGroup글로벌하이일드오퍼튜니티증권모투자신탁(USD)(채권-재간접형),,,09H69,,09H74,한국투자CapitalGroup글로벌하이일드오퍼튜니티증권자투자신탁UH(채권-재간접형)(C-e),09H42,09H69,09H74,X,X,X,09H42,한국투자CapitalGroup글로벌하이일드오퍼튜니티증권모투자신탁(USD)(채권-재간접형)
349,09H42,한국투자CapitalGroup글로벌하이일드오퍼튜니티증권모투자신탁(USD)(채권-재간접형),,,09H69,,09H75,한국투자CapitalGroup글로벌하이일드오퍼튜니티증권자투자신탁UH(채권-재간접형)(C-F),09H42,09H69,09H75,X,X,X,09H42,한국투자CapitalGroup글로벌하이일드오퍼튜니티증권모투자신탁(USD)(채권-재간접형)
350,09H42,한국투자CapitalGroup글로벌하이일드오퍼튜니티증권모투자신탁(USD)(채권-재간접형),,,09H69,,09H76,한국투자CapitalGroup글로벌하이일드오퍼튜니티증권자투자신탁UH(채권-재간접형)(C-G),09H42,09H69,09H76,X,X,X,09H42,한국투자CapitalGroup글로벌하이일드오퍼튜니티증권모투자신탁(USD)(채권-재간접형)
351,09H42,한국투자CapitalGroup글로벌하이일드오퍼튜니티증권모투자신탁(USD)(채권-재간접형),,,09H69,,09H77,한국투자CapitalGroup글로벌하이일드오퍼튜니티증권자투자신탁UH(채권-재간접형)(C-P),09H42,09H69,09H77,X,X,X,09H42,한국투자CapitalGroup글로벌하이일드오퍼튜니티증권모투자신탁(USD)(채권-재간접형)
352,09H42,한국투자CapitalGroup글로벌하이일드오퍼튜니티증권모투자신탁(USD)(채권-재간접형),,,09H69,,09H78,한국투자CapitalGroup글로벌하이일드오퍼튜니티증권자투자신탁UH(채권-재간접형)(C-Pe),09H42,09H69,09H78,X,X,X,09H42,한국투자CapitalGroup글로벌하이일드오퍼튜니티증권모투자신탁(USD)(채권-재간접형)
353,09H42,한국투자CapitalGroup글로벌하이일드오퍼튜니티증권모투자신탁(USD)(채권-재간접형),,,09H69,,09H79,한국투자CapitalGroup글로벌하이일드오퍼튜니티증권자투자신탁UH(채권-재간접형)(C-R),09H42,09H69,09H79,X,X,X,09H42,한국투자CapitalGroup글로벌하이일드오퍼튜니티증권모투자신탁(USD)(채권-재간접형)
354,09H42,한국투자CapitalGroup글로벌하이일드오퍼튜니티증권모투자신탁(USD)(채권-재간접형),,,09H69,,09H80,한국투자CapitalGroup글로벌하이일드오퍼튜니티증권자투자신탁UH(채권-재간접형)(C-Re),09H42,09H69,09H80,X,X,X,09H42,한국투자CapitalGroup글로벌하이일드오퍼튜니티증권모투자신탁(USD)(채권-재간접형)
355,09H42,한국투자CapitalGroup글로벌하이일드오퍼튜니티증권모투자신탁(USD)(채권-재간접형),,,09H69,,09H81,한국투자CapitalGroup글로벌하이일드오퍼튜니티증권자투자신탁UH(채권-재간접형)(C-W),09H42,09H69,09H81,X,X,X,09H42,한국투자CapitalGroup글로벌하이일드오퍼튜니티증권모투자신탁(USD)(채권-재간접형)
356,09H42,한국투자CapitalGroup글로벌하이일드오퍼튜니티증권모투자신탁(USD)(채권-재간접형),,,09H69,,09K11,한국투자CapitalGroup글로벌하이일드오퍼튜니티증권자투자신탁UH(채권-재간접형)(A1),09H42,09H69,09K11,X,X,X,09H42,한국투자CapitalGroup글로벌하이일드오퍼튜니티증권모투자신탁(USD)(채권-재간접형)
357,09H42,한국투자CapitalGroup글로벌하이일드오퍼튜니티증권모투자신탁(USD)(채권-재간접형),,,09H82,한국투자CapitalGroup글로벌하이일드오퍼튜니티월배당증권자투자신탁H(채권-재간접형)(모),09H83,한국투자CapitalGroup글로벌하이일드오퍼튜니티월배당증권자투자신탁H(채권-재간접형)(A),09H42,09H82,09H83,X,X,X,09H42,한국투자CapitalGroup글로벌하이일드오퍼튜니티증권모투자신탁(USD)(채권-재간접형)
358,09H42,한국투자CapitalGroup글로벌하이일드오퍼튜니티증권모투자신탁(USD)(채권-재간접형),,,09H82,,09H84,한국투자CapitalGroup글로벌하이일드오퍼튜니티월배당증권자투자신탁H(채권-재간접형)(A-e),09H42,09H82,09H84,X,X,X,09H42,한국투자CapitalGroup글로벌하이일드오퍼튜니티증권모투자신탁(USD)(채권-재간접형)
359,09H42,한국투자CapitalGroup글로벌하이일드오퍼튜니티증권모투자신탁(USD)(채권-재간접형),,,09H82,,09H85,한국투자CapitalGroup글로벌하이일드오퍼튜니티월배당증권자투자신탁H(채권-재간접형)(A-G),09H42,09H82,09H85,X,X,X,09H42,한국투자CapitalGroup글로벌하이일드오퍼튜니티증권모투자신탁(USD)(채권-재간접형)
360,09H42,한국투자CapitalGroup글로벌하이일드오퍼튜니티증권모투자신탁(USD)(채권-재간접형),,,09H82,,09H86,한국투자CapitalGroup글로벌하이일드오퍼튜니티월배당증권자투자신탁H(채권-재간접형)(C),09H42,09H82,09H86,X,X,X,09H42,한국투자CapitalGroup글로벌하이일드오퍼튜니티증권모투자신탁(USD)(채권-재간접형)
361,09H42,한국투자CapitalGroup글로벌하이일드오퍼튜니티증권모투자신탁(USD)(채권-재간접형),,,09H82,,09H87,한국투자CapitalGroup글로벌하이일드오퍼튜니티월배당증권자투자신탁H(채권-재간접형)(C-e),09H42,09H82,09H87,X,X,X,09H42,한국투자CapitalGroup글로벌하이일드오퍼튜니티증권모투자신탁(USD)(채권-재간접형)
362,09H42,한국투자CapitalGroup글로벌하이일드오퍼튜니티증권모투자신탁(USD)(채권-재간접형),,,09H82,,09H88,한국투자CapitalGroup글로벌하이일드오퍼튜니티월배당증권자투자신탁H(채권-재간접형)(C-F),09H42,09H82,09H88,X,X,X,09H42,한국투자CapitalGroup글로벌하이일드오퍼튜니티증권모투자신탁(USD)(채권-재간접형)
363,09H42,한국투자CapitalGroup글로벌하이일드오퍼튜니티증권모투자신탁(USD)(채권-재간접형),,,09H82,,09H89,한국투자CapitalGroup글로벌하이일드오퍼튜니티월배당증권자투자신탁H(채권-재간접형)(C-G),09H42,09H82,09H89,X,X,X,09H42,한국투자CapitalGroup글로벌하이일드오퍼튜니티증권모투자신탁(USD)(채권-재간접형)
364,09H42,한국투자CapitalGroup글로벌하이일드오퍼튜니티증권모투자신탁(USD)(채권-재간접형),,,09H82,,09H90,한국투자CapitalGroup글로벌하이일드오퍼튜니티월배당증권자투자신탁H(채권-재간접형)(C-P),09H42,09H82,09H90,X,X,X,09H42,한국투자CapitalGroup글로벌하이일드오퍼튜니티증권모투자신탁(USD)(채권-재간접형)
365,09H42,한국투자CapitalGroup글로벌하이일드오퍼튜니티증권모투자신탁(USD)(채권-재간접형),,,09H82,,09H91,한국투자CapitalGroup글로벌하이일드오퍼튜니티월배당증권자투자신탁H(채권-재간접형)(C-Pe),09H42,09H82,09H91,X,X,X,09H42,한국투자CapitalGroup글로벌하이일드오퍼튜니티증권모투자신탁(USD)(채권-재간접형)
366,09H42,한국투자CapitalGroup글로벌하이일드오퍼튜니티증권모투자신탁(USD)(채권-재간접형),,,09H82,,09H92,한국투자CapitalGroup글로벌하이일드오퍼튜니티월배당증권자투자신탁H(채권-재간접형)(C-R),09H42,09H82,09H92,X,X,X,09H42,한국투자CapitalGroup글로벌하이일드오퍼튜니티증권모투자신탁(USD)(채권-재간접형)
367,09H42,한국투자CapitalGroup글로벌하이일드오퍼튜니티증권모투자신탁(USD)(채권-재간접형),,,09H82,,09H93,한국투자CapitalGroup글로벌하이일드오퍼튜니티월배당증권자투자신탁H(채권-재간접형)(C-Re),09H42,09H82,09H93,X,X,X,09H42,한국투자CapitalGroup글로벌하이일드오퍼튜니티증권모투자신탁(USD)(채권-재간접형)
368,09H42,한국투자CapitalGroup글로벌하이일드오퍼튜니티증권모투자신탁(USD)(채권-재간접형),,,09H82,,09H94,한국투자CapitalGroup글로벌하이일드오퍼튜니티월배당증권자투자신탁H(채권-재간접형)(C-W),09H42,09H82,09H94,X,X,X,09H42,한국투자CapitalGroup글로벌하이일드오퍼튜니티증권모투자신탁(USD)(채권-재간접형)
369,09H42,한국투자CapitalGroup글로벌하이일드오퍼튜니티증권모투자신탁(USD)(채권-재간접형),,,09H82,,09K13,한국투자CapitalGroup글로벌하이일드오퍼튜니티월배당증권자투자신탁H(채권-재간접형)(A1),09H42,09H82,09K13,X,X,X,09H42,한국투자CapitalGroup글로벌하이일드오퍼튜니티증권모투자신탁(USD)(채권-재간접형)
370,09H42,한국투자CapitalGroup글로벌하이일드오퍼튜니티증권모투자신탁(USD)(채권-재간접형),,,09H95,한국투자CapitalGroup글로벌하이일드오퍼튜니티월배당증권자투자신탁(USD)(채권-재간접형)(모),09H96,한국투자CapitalGroup글로벌하이일드오퍼튜니티월배당증권자투자신탁(USD)(채권-재간접형)(A),09H42,09H95,09H96,X,X,X,09H42,한국투자CapitalGroup글로벌하이일드오퍼튜니티증권모투자신탁(USD)(채권-재간접형)
371,09H42,한국투자CapitalGroup글로벌하이일드오퍼튜니티증권모투자신탁(USD)(채권-재간접형),,,09H95,,09H97,한국투자CapitalGroup글로벌하이일드오퍼튜니티월배당증권자투자신탁(USD)(채권-재간접형)(A-e),09H42,09H95,09H97,X,X,X,09H42,한국투자CapitalGroup글로벌하이일드오퍼튜니티증권모투자신탁(USD)(채권-재간접형)
372,09H42,한국투자CapitalGroup글로벌하이일드오퍼튜니티증권모투자신탁(USD)(채권-재간접형),,,09H95,,09H98,한국투자CapitalGroup글로벌하이일드오퍼튜니티월배당증권자투자신탁(USD)(채권-재간접형)(A-G),09H42,09H95,09H98,X,X,X,09H42,한국투자CapitalGroup글로벌하이일드오퍼튜니티증권모투자신탁(USD)(채권-재간접형)
373,09H42,한국투자CapitalGroup글로벌하이일드오퍼튜니티증권모투자신탁(USD)(채권-재간접형),,,09H95,,09H99,한국투자CapitalGroup글로벌하이일드오퍼튜니티월배당증권자투자신탁(USD)(채권-재간접형)(C),09H42,09H95,09H99,X,X,X,09H42,한국투자CapitalGroup글로벌하이일드오퍼튜니티증권모투자신탁(USD)(채권-재간접형)
374,09H42,한국투자CapitalGroup글로벌하이일드오퍼튜니티증권모투자신탁(USD)(채권-재간접형),,,09H95,,09K01,한국투자CapitalGroup글로벌하이일드오퍼튜니티월배당증권자투자신탁(USD)(채권-재간접형)(C-e),09H42,09H95,09K01,X,X,X,09H42,한국투자CapitalGroup글로벌하이일드오퍼튜니티증권모투자신탁(USD)(채권-재간접형)
375,09H42,한국투자CapitalGroup글로벌하이일드오퍼튜니티증권모투자신탁(USD)(채권-재간접형),,,09H95,,09K02,한국투자CapitalGroup글로벌하이일드오퍼튜니티월배당증권자투자신탁(USD)(채권-재간접형)(C-F),09H42,09H95,09K02,X,X,X,09H42,한국투자CapitalGroup글로벌하이일드오퍼튜니티증권모투자신탁(USD)(채권-재간접형)
376,09H42,한국투자CapitalGroup글로벌하이일드오퍼튜니티증권모투자신탁(USD)(채권-재간접형),,,09H95,,09K03,한국투자CapitalGroup글로벌하이일드오퍼튜니티월배당증권자투자신탁(USD)(채권-재간접형)(C-G),09H42,09H95,09K03,X,X,X,09H42,한국투자CapitalGroup글로벌하이일드오퍼튜니티증권모투자신탁(USD)(채권-재간접형)
377,09H42,한국투자CapitalGroup글로벌하이일드오퍼튜니티증권모투자신탁(USD)(채권-재간접형),,,09H95,,09K04,한국투자CapitalGroup글로벌하이일드오퍼튜니티월배당증권자투자신탁(USD)(채권-재간접형)(C-P),09H42,09H95,09K04,X,X,X,09H42,한국투자CapitalGroup글로벌하이일드오퍼튜니티증권모투자신탁(USD)(채권-재간접형)
378,09H42,한국투자CapitalGroup글로벌하이일드오퍼튜니티증권모투자신탁(USD)(채권-재간접형),,,09H95,,09K05,한국투자CapitalGroup글로벌하이일드오퍼튜니티월배당증권자투자신탁(USD)(채권-재간접형)(C-Pe),09H42,09H95,09K05,X,X,X,09H42,한국투자CapitalGroup글로벌하이일드오퍼튜니티증권모투자신탁(USD)(채권-재간접형)
379,09H42,한국투자CapitalGroup글로벌하이일드오퍼튜니티증권모투자신탁(USD)(채권-재간접형),,,09H95,,09K06,한국투자CapitalGroup글로벌하이일드오퍼튜니티월배당증권자투자신탁(USD)(채권-재간접형)(C-R),09H42,09H95,09K06,X,X,X,09H42,한국투자CapitalGroup글로벌하이일드오퍼튜니티증권모투자신탁(USD)(채권-재간접형)
380,09H42,한국투자CapitalGroup글로벌하이일드오퍼튜니티증권모투자신탁(USD)(채권-재간접형),,,09H95,,09K07,한국투자CapitalGroup글로벌하이일드오퍼튜니티월배당증권자투자신탁(USD)(채권-재간접형)(C-Re),09H42,09H95,09K07,X,X,X,09H42,한국투자CapitalGroup글로벌하이일드오퍼튜니티증권모투자신탁(USD)(채권-재간접형)
381,09H42,한국투자CapitalGroup글로벌하이일드오퍼튜니티증권모투자신탁(USD)(채권-재간접형),,,09H95,,09K08,한국투자CapitalGroup글로벌하이일드오퍼튜니티월배당증권자투자신탁(USD)(채권-재간접형)(C-W),09H42,09H95,09K08,X,X,X,09H42,한국투자CapitalGroup글로벌하이일드오퍼튜니티증권모투자신탁(USD)(채권-재간접형)
382,09H42,한국투자CapitalGroup글로벌하이일드오퍼튜니티증권모투자신탁(USD)(채권-재간접형),,,09H95,,09K12,한국투자CapitalGroup글로벌하이일드오퍼튜니티월배당증권자투자신탁(USD)(채권-재간접형)(A1),09H42,09H95,09K12,X,X,X,09H42,한국투자CapitalGroup글로벌하이일드오퍼튜니티증권모투자신탁(USD)(채권-재간접형)
383,09K74,한국투자GoldmanSachs글로벌하이일드인컴증권모투자신탁(USD)(채권),공통,0,09L18,한국투자GoldmanSachs글로벌하이일드인컴증권자투자신탁(USD)(채권)(모),09L20,한국투자GoldmanSachs글로벌하이일드인컴증권자투자신탁(USD)(채권)(A1),09K74,09L18,09L20,X,X,X,09K74,한국투자GoldmanSachs글로벌하이일드인컴증권모투자신탁(USD)(채권)
384,09K74,한국투자GoldmanSachs글로벌하이일드인컴증권모투자신탁(USD)(채권),,,09L18,,09L21,한국투자GoldmanSachs글로벌하이일드인컴증권자투자신탁(USD)(채권)(A-e),09K74,09L18,09L21,X,X,X,09K74,한국투자GoldmanSachs글로벌하이일드인컴증권모투자신탁(USD)(채권)
385,09K74,한국투자GoldmanSachs글로벌하이일드인컴증권모투자신탁(USD)(채권),,,09L18,,09L23,한국투자GoldmanSachs글로벌하이일드인컴증권자투자신탁(USD)(채권)(C),09K74,09L18,09L23,X,X,X,09K74,한국투자GoldmanSachs글로벌하이일드인컴증권모투자신탁(USD)(채권)
386,09K74,한국투자GoldmanSachs글로벌하이일드인컴증권모투자신탁(USD)(채권),,,09L18,,09L24,한국투자GoldmanSachs글로벌하이일드인컴증권자투자신탁(USD)(채권)(C-e),09K74,09L18,09L24,X,X,X,09K74,한국투자GoldmanSachs글로벌하이일드인컴증권모투자신탁(USD)(채권)
387,09K74,한국투자GoldmanSachs글로벌하이일드인컴증권모투자신탁(USD)(채권),,,09L18,,09L25,한국투자GoldmanSachs글로벌하이일드인컴증권자투자신탁(USD)(채권)(C-F),09K74,09L18,09L25,X,X,X,09K74,한국투자GoldmanSachs글로벌하이일드인컴증권모투자신탁(USD)(채권)
388,09K74,한국투자GoldmanSachs글로벌하이일드인컴증권모투자신탁(USD)(채권),,,09L32,한국투자GoldmanSachs글로벌하이일드인컴증권자투자신탁H(채권)(모),09L34,한국투자GoldmanSachs글로벌하이일드인컴증권자투자신탁H(채권)(A1),09K74,09L32,09L34,X,X,X,09K74,한국투자GoldmanSachs글로벌하이일드인컴증권모투자신탁(USD)(채권)
389,09K74,한국투자GoldmanSachs글로벌하이일드인컴증권모투자신탁(USD)(채권),,,09L32,,09L35,한국투자GoldmanSachs글로벌하이일드인컴증권자투자신탁H(채권)(A-e),09K74,09L32,09L35,X,X,X,09K74,한국투자GoldmanSachs글로벌하이일드인컴증권모투자신탁(USD)(채권)
390,09K74,한국투자GoldmanSachs글로벌하이일드인컴증권모투자신탁(USD)(채권),,,09L32,,09L37,한국투자GoldmanSachs글로벌하이일드인컴증권자투자신탁H(채권)(C),09K74,09L32,09L37,X,X,X,09K74,한국투자GoldmanSachs글로벌하이일드인컴증권모투자신탁(USD)(채권)
391,09K74,한국투자GoldmanSachs글로벌하이일드인컴증권모투자신탁(USD)(채권),,,09L32,,09L38,한국투자GoldmanSachs글로벌하이일드인컴증권자투자신탁H(채권)(C-e),09K74,09L32,09L38,X,X,X,09K74,한국투자GoldmanSachs글로벌하이일드인컴증권모투자신탁(USD)(채권)
392,09K74,한국투자GoldmanSachs글로벌하이일드인컴증권모투자신탁(USD)(채권),,,09L32,,09L39,한국투자GoldmanSachs글로벌하이일드인컴증권자투자신탁H(채권)(C-F),09K74,09L32,09L39,X,X,X,09K74,한국투자GoldmanSachs글로벌하이일드인컴증권모투자신탁(USD)(채권)
393,09K74,한국투자GoldmanSachs글로벌하이일드인컴증권모투자신탁(USD)(채권),,,09L32,,09L41,한국투자GoldmanSachs글로벌하이일드인컴증권자투자신탁H(채권)(C-P),09K74,09L32,09L41,X,X,X,09K74,한국투자GoldmanSachs글로벌하이일드인컴증권모투자신탁(USD)(채권)
394,09K74,한국투자GoldmanSachs글로벌하이일드인컴증권모투자신탁(USD)(채권),,,09L32,,09L42,한국투자GoldmanSachs글로벌하이일드인컴증권자투자신탁H(채권)(C-Pe),09K74,09L32,09L42,X,X,X,09K74,한국투자GoldmanSachs글로벌하이일드인컴증권모투자신탁(USD)(채권)
395,09K74,한국투자GoldmanSachs글로벌하이일드인컴증권모투자신탁(USD)(채권),,,09L32,,09L43,한국투자GoldmanSachs글로벌하이일드인컴증권자투자신탁H(채권)(C-R),09K74,09L32,09L43,X,X,X,09K74,한국투자GoldmanSachs글로벌하이일드인컴증권모투자신탁(USD)(채권)
396,09K74,한국투자GoldmanSachs글로벌하이일드인컴증권모투자신탁(USD)(채권),,,09L32,,09L44,한국투자GoldmanSachs글로벌하이일드인컴증권자투자신탁H(채권)(C-Re),09K74,09L32,09L44,X,X,X,09K74,한국투자GoldmanSachs글로벌하이일드인컴증권모투자신탁(USD)(채권)
397,09K74,한국투자GoldmanSachs글로벌하이일드인컴증권모투자신탁(USD)(채권),,,09L32,,09L45,한국투자GoldmanSachs글로벌하이일드인컴증권자투자신탁H(채권)(C-W),09K74,09L32,09L45,X,X,X,09K74,한국투자GoldmanSachs글로벌하이일드인컴증권모투자신탁(USD)(채권)
398,09K74,한국투자GoldmanSachs글로벌하이일드인컴증권모투자신탁(USD)(채권),,,09L46,한국투자GoldmanSachs글로벌하이일드인컴증권자투자신탁UH(채권)(모),09L48,한국투자GoldmanSachs글로벌하이일드인컴증권자투자신탁UH(채권)(A1),09K74,09L46,09L48,X,X,X,09K74,한국투자GoldmanSachs글로벌하이일드인컴증권모투자신탁(USD)(채권)
399,09K74,한국투자GoldmanSachs글로벌하이일드인컴증권모투자신탁(USD)(채권),,,09L46,,09L49,한국투자GoldmanSachs글로벌하이일드인컴증권자투자신탁UH(채권)(A-e),09K74,09L46,09L49,X,X,X,09K74,한국투자GoldmanSachs글로벌하이일드인컴증권모투자신탁(USD)(채권)
400,09K74,한국투자GoldmanSachs글로벌하이일드인컴증권모투자신탁(USD)(채권),,,09L46,,09L51,한국투자GoldmanSachs글로벌하이일드인컴증권자투자신탁UH(채권)(C),09K74,09L46,09L51,X,X,X,09K74,한국투자GoldmanSachs글로벌하이일드인컴증권모투자신탁(USD)(채권)
401,09K74,한국투자GoldmanSachs글로벌하이일드인컴증권모투자신탁(USD)(채권),,,09L46,,09L52,한국투자GoldmanSachs글로벌하이일드인컴증권자투자신탁UH(채권)(C-e),09K74,09L46,09L52,X,X,X,09K74,한국투자GoldmanSachs글로벌하이일드인컴증권모투자신탁(USD)(채권)
402,09K74,한국투자GoldmanSachs글로벌하이일드인컴증권모투자신탁(USD)(채권),,,09L46,,09L53,한국투자GoldmanSachs글로벌하이일드인컴증권자투자신탁UH(채권)(C-F),09K74,09L46,09L53,X,X,X,09K74,한국투자GoldmanSachs글로벌하이일드인컴증권모투자신탁(USD)(채권)
403,09K74,한국투자GoldmanSachs글로벌하이일드인컴증권모투자신탁(USD)(채권),,,09L46,,09L55,한국투자GoldmanSachs글로벌하이일드인컴증권자투자신탁UH(채권)(C-P),09K74,09L46,09L55,X,X,X,09K74,한국투자GoldmanSachs글로벌하이일드인컴증권모투자신탁(USD)(채권)
404,09K74,한국투자GoldmanSachs글로벌하이일드인컴증권모투자신탁(USD)(채권),,,09L46,,09L56,한국투자GoldmanSachs글로벌하이일드인컴증권자투자신탁UH(채권)(C-Pe),09K74,09L46,09L56,X,X,X,09K74,한국투자GoldmanSachs글로벌하이일드인컴증권모투자신탁(USD)(채권)
405,09K74,한국투자GoldmanSachs글로벌하이일드인컴증권모투자신탁(USD)(채권),,,09L46,,09L57,한국투자GoldmanSachs글로벌하이일드인컴증권자투자신탁UH(채권)(C-R),09K74,09L46,09L57,X,X,X,09K74,한국투자GoldmanSachs글로벌하이일드인컴증권모투자신탁(USD)(채권)
406,09K74,한국투자GoldmanSachs글로벌하이일드인컴증권모투자신탁(USD)(채권),,,09L46,,09L58,한국투자GoldmanSachs글로벌하이일드인컴증권자투자신탁UH(채권)(C-Re),09K74,09L46,09L58,X,X,X,09K74,한국투자GoldmanSachs글로벌하이일드인컴증권모투자신탁(USD)(채권)
407,09K74,한국투자GoldmanSachs글로벌하이일드인컴증권모투자신탁(USD)(채권),,,09L46,,09L59,한국투자GoldmanSachs글로벌하이일드인컴증권자투자신탁UH(채권)(C-W),09K74,09L46,09L59,X,X,X,09K74,한국투자GoldmanSachs글로벌하이일드인컴증권모투자신탁(USD)(채권)
408,09K74,한국투자GoldmanSachs글로벌하이일드인컴증권모투자신탁(USD)(채권),,,09L60,한국투자GoldmanSachs글로벌하이일드인컴월배당증권자투자신탁(USD)(채권)(모),09L62,한국투자GoldmanSachs글로벌하이일드인컴월배당증권자투자신탁(USD)(채권)(A1),09K74,09L60,09L62,X,X,X,09K74,한국투자GoldmanSachs글로벌하이일드인컴증권모투자신탁(USD)(채권)
409,09K74,한국투자GoldmanSachs글로벌하이일드인컴증권모투자신탁(USD)(채권),,,09L60,,09L63,한국투자GoldmanSachs글로벌하이일드인컴월배당증권자투자신탁(USD)(채권)(A-e),09K74,09L60,09L63,X,X,X,09K74,한국투자GoldmanSachs글로벌하이일드인컴증권모투자신탁(USD)(채권)
410,09K74,한국투자GoldmanSachs글로벌하이일드인컴증권모투자신탁(USD)(채권),,,09L60,,09L65,한국투자GoldmanSachs글로벌하이일드인컴월배당증권자투자신탁(USD)(채권)(C),09K74,09L60,09L65,X,X,X,09K74,한국투자GoldmanSachs글로벌하이일드인컴증권모투자신탁(USD)(채권)
411,09K74,한국투자GoldmanSachs글로벌하이일드인컴증권모투자신탁(USD)(채권),,,09L60,,09L66,한국투자GoldmanSachs글로벌하이일드인컴월배당증권자투자신탁(USD)(채권)(C-e),09K74,09L60,09L66,X,X,X,09K74,한국투자GoldmanSachs글로벌하이일드인컴증권모투자신탁(USD)(채권)
412,09K74,한국투자GoldmanSachs글로벌하이일드인컴증권모투자신탁(USD)(채권),,,09L60,,09L67,한국투자GoldmanSachs글로벌하이일드인컴월배당증권자투자신탁(USD)(채권)(C-F),09K74,09L60,09L67,X,X,X,09K74,한국투자GoldmanSachs글로벌하이일드인컴증권모투자신탁(USD)(채권)
413,09K74,한국투자GoldmanSachs글로벌하이일드인컴증권모투자신탁(USD)(채권),,,09L74,한국투자GoldmanSachs글로벌하이일드인컴월배당증권자투자신탁H(채권)(모),09L76,한국투자GoldmanSachs글로벌하이일드인컴월배당증권자투자신탁H(채권)(A1),09K74,09L74,09L76,X,X,X,09K74,한국투자GoldmanSachs글로벌하이일드인컴증권모투자신탁(USD)(채권)
414,09K74,한국투자GoldmanSachs글로벌하이일드인컴증권모투자신탁(USD)(채권),,,09L74,,09L77,한국투자GoldmanSachs글로벌하이일드인컴월배당증권자투자신탁H(채권)(A-e),09K74,09L74,09L77,X,X,X,09K74,한국투자GoldmanSachs글로벌하이일드인컴증권모투자신탁(USD)(채권)
415,09K74,한국투자GoldmanSachs글로벌하이일드인컴증권모투자신탁(USD)(채권),,,09L74,,09L79,한국투자GoldmanSachs글로벌하이일드인컴월배당증권자투자신탁H(채권)(C),09K74,09L74,09L79,X,X,X,09K74,한국투자GoldmanSachs글로벌하이일드인컴증권모투자신탁(USD)(채권)
416,09K74,한국투자GoldmanSachs글로벌하이일드인컴증권모투자신탁(USD)(채권),,,09L74,,09L80,한국투자GoldmanSachs글로벌하이일드인컴월배당증권자투자신탁H(채권)(C-e),09K74,09L74,09L80,X,X,X,09K74,한국투자GoldmanSachs글로벌하이일드인컴증권모투자신탁(USD)(채권)
417,09K74,한국투자GoldmanSachs글로벌하이일드인컴증권모투자신탁(USD)(채권),,,09L74,,09L81,한국투자GoldmanSachs글로벌하이일드인컴월배당증권자투자신탁H(채권)(C-F),09K74,09L74,09L81,X,X,X,09K74,한국투자GoldmanSachs글로벌하이일드인컴증권모투자신탁(USD)(채권)
418,09K74,한국투자GoldmanSachs글로벌하이일드인컴증권모투자신탁(USD)(채권),,,09L74,,09L87,한국투자GoldmanSachs글로벌하이일드인컴월배당증권자투자신탁H(채권)(C-W),09K74,09L74,09L87,X,X,X,09K74,한국투자GoldmanSachs글로벌하이일드인컴증권모투자신탁(USD)(채권)
419,09M56,한국투자JPMorgan글로벌하이일드증권모투자신탁(USD)(채권-재간접형),공통,0,09M57,한국투자JPMorgan글로벌하이일드증권자투자신탁(USD)(채권-재간접형)(모),09M58,한국투자JPMorgan글로벌하이일드증권자투자신탁(USD)(채권-재간접형)(A),09M56,09M57,09M58,X,X,X,09M56,한국투자JPMorgan글로벌하이일드증권모투자신탁(USD)(채권-재간접형)
420,09M56,한국투자JPMorgan글로벌하이일드증권모투자신탁(USD)(채권-재간접형),,,09M57,,09M59,한국투자JPMorgan글로벌하이일드증권자투자신탁(USD)(채권-재간접형)(A1),09M56,09M57,09M59,X,X,X,09M56,한국투자JPMorgan글로벌하이일드증권모투자신탁(USD)(채권-재간접형)
421,09M56,한국투자JPMorgan글로벌하이일드증권모투자신탁(USD)(채권-재간접형),,,09M57,,09M60,한국투자JPMorgan글로벌하이일드증권자투자신탁(USD)(채권-재간접형)(A-e),09M56,09M57,09M60,X,X,X,09M56,한국투자JPMorgan글로벌하이일드증권모투자신탁(USD)(채권-재간접형)
422,09M56,한국투자JPMorgan글로벌하이일드증권모투자신탁(USD)(채권-재간접형),,,09M57,,09M61,한국투자JPMorgan글로벌하이일드증권자투자신탁(USD)(채권-재간접형)(A-G),09M56,09M57,09M61,X,X,X,09M56,한국투자JPMorgan글로벌하이일드증권모투자신탁(USD)(채권-재간접형)
423,09M56,한국투자JPMorgan글로벌하이일드증권모투자신탁(USD)(채권-재간접형),,,09M57,,09M62,한국투자JPMorgan글로벌하이일드증권자투자신탁(USD)(채권-재간접형)(C),09M56,09M57,09M62,X,X,X,09M56,한국투자JPMorgan글로벌하이일드증권모투자신탁(USD)(채권-재간접형)
424,09M56,한국투자JPMorgan글로벌하이일드증권모투자신탁(USD)(채권-재간접형),,,09M57,,09M63,한국투자JPMorgan글로벌하이일드증권자투자신탁(USD)(채권-재간접형)(C-e),09M56,09M57,09M63,X,X,X,09M56,한국투자JPMorgan글로벌하이일드증권모투자신탁(USD)(채권-재간접형)
425,09M56,한국투자JPMorgan글로벌하이일드증권모투자신탁(USD)(채권-재간접형),,,09M57,,09M64,한국투자JPMorgan글로벌하이일드증권자투자신탁(USD)(채권-재간접형)(C-F),09M56,09M57,09M64,X,X,X,09M56,한국투자JPMorgan글로벌하이일드증권모투자신탁(USD)(채권-재간접형)
426,09M56,한국투자JPMorgan글로벌하이일드증권모투자신탁(USD)(채권-재간접형),,,09M57,,09M65,한국투자JPMorgan글로벌하이일드증권자투자신탁(USD)(채권-재간접형)(C-G),09M56,09M57,09M65,X,X,X,09M56,한국투자JPMorgan글로벌하이일드증권모투자신탁(USD)(채권-재간접형)
427,09M56,한국투자JPMorgan글로벌하이일드증권모투자신탁(USD)(채권-재간접형),,,09M57,,09M66,한국투자JPMorgan글로벌하이일드증권자투자신탁(USD)(채권-재간접형)(C-P),09M56,09M57,09M66,X,X,X,09M56,한국투자JPMorgan글로벌하이일드증권모투자신탁(USD)(채권-재간접형)
428,09M56,한국투자JPMorgan글로벌하이일드증권모투자신탁(USD)(채권-재간접형),,,09M57,,09M67,한국투자JPMorgan글로벌하이일드증권자투자신탁(USD)(채권-재간접형)(C-Pe),09M56,09M57,09M67,X,X,X,09M56,한국투자JPMorgan글로벌하이일드증권모투자신탁(USD)(채권-재간접형)
429,09M56,한국투자JPMorgan글로벌하이일드증권모투자신탁(USD)(채권-재간접형),,,09M57,,09M68,한국투자JPMorgan글로벌하이일드증권자투자신탁(USD)(채권-재간접형)(C-R),09M56,09M57,09M68,X,X,X,09M56,한국투자JPMorgan글로벌하이일드증권모투자신탁(USD)(채권-재간접형)
430,09M56,한국투자JPMorgan글로벌하이일드증권모투자신탁(USD)(채권-재간접형),,,09M57,,09M69,한국투자JPMorgan글로벌하이일드증권자투자신탁(USD)(채권-재간접형)(C-Re),09M56,09M57,09M69,X,X,X,09M56,한국투자JPMorgan글로벌하이일드증권모투자신탁(USD)(채권-재간접형)
431,09M56,한국투자JPMorgan글로벌하이일드증권모투자신탁(USD)(채권-재간접형),,,09M57,,09M70,한국투자JPMorgan글로벌하이일드증권자투자신탁(USD)(채권-재간접형)(C-W),09M56,09M57,09M70,X,X,X,09M56,한국투자JPMorgan글로벌하이일드증권모투자신탁(USD)(채권-재간접형)
432,09M56,한국투자JPMorgan글로벌하이일드증권모투자신탁(USD)(채권-재간접형),,,09M71,한국투자JPMorgan글로벌하이일드증권자투자신탁H(채권-재간접형)(모),09M72,한국투자JPMorgan글로벌하이일드증권자투자신탁H(채권-재간접형)(A),09M56,09M71,09M72,X,X,X,09M56,한국투자JPMorgan글로벌하이일드증권모투자신탁(USD)(채권-재간접형)
433,09M56,한국투자JPMorgan글로벌하이일드증권모투자신탁(USD)(채권-재간접형),,,09M71,,09M73,한국투자JPMorgan글로벌하이일드증권자투자신탁H(채권-재간접형)(A1),09M56,09M71,09M73,X,X,X,09M56,한국투자JPMorgan글로벌하이일드증권모투자신탁(USD)(채권-재간접형)
434,09M56,한국투자JPMorgan글로벌하이일드증권모투자신탁(USD)(채권-재간접형),,,09M71,,09M74,한국투자JPMorgan글로벌하이일드증권자투자신탁H(채권-재간접형)(A-e),09M56,09M71,09M74,X,X,X,09M56,한국투자JPMorgan글로벌하이일드증권모투자신탁(USD)(채권-재간접형)
435,09M56,한국투자JPMorgan글로벌하이일드증권모투자신탁(USD)(채권-재간접형),,,09M71,,09M75,한국투자JPMorgan글로벌하이일드증권자투자신탁H(채권-재간접형)(A-G),09M56,09M71,09M75,X,X,X,09M56,한국투자JPMorgan글로벌하이일드증권모투자신탁(USD)(채권-재간접형)
436,09M56,한국투자JPMorgan글로벌하이일드증권모투자신탁(USD)(채권-재간접형),,,09M71,,09M76,한국투자JPMorgan글로벌하이일드증권자투자신탁H(채권-재간접형)(C),09M56,09M71,09M76,X,X,X,09M56,한국투자JPMorgan글로벌하이일드증권모투자신탁(USD)(채권-재간접형)
437,09M56,한국투자JPMorgan글로벌하이일드증권모투자신탁(USD)(채권-재간접형),,,09M71,,09M77,한국투자JPMorgan글로벌하이일드증권자투자신탁H(채권-재간접형)(C-e),09M56,09M71,09M77,X,X,X,09M56,한국투자JPMorgan글로벌하이일드증권모투자신탁(USD)(채권-재간접형)
438,09M56,한국투자JPMorgan글로벌하이일드증권모투자신탁(USD)(채권-재간접형),,,09M71,,09M78,한국투자JPMorgan글로벌하이일드증권자투자신탁H(채권-재간접형)(C-F),09M56,09M71,09M78,X,X,X,09M56,한국투자JPMorgan글로벌하이일드증권모투자신탁(USD)(채권-재간접형)
439,09M56,한국투자JPMorgan글로벌하이일드증권모투자신탁(USD)(채권-재간접형),,,09M71,,09M79,한국투자JPMorgan글로벌하이일드증권자투자신탁H(채권-재간접형)(C-G),09M56,09M71,09M79,X,X,X,09M56,한국투자JPMorgan글로벌하이일드증권모투자신탁(USD)(채권-재간접형)
440,09M56,한국투자JPMorgan글로벌하이일드증권모투자신탁(USD)(채권-재간접형),,,09M71,,09M80,한국투자JPMorgan글로벌하이일드증권자투자신탁H(채권-재간접형)(C-P),09M56,09M71,09M80,X,X,X,09M56,한국투자JPMorgan글로벌하이일드증권모투자신탁(USD)(채권-재간접형)
441,09M56,한국투자JPMorgan글로벌하이일드증권모투자신탁(USD)(채권-재간접형),,,09M71,,09M81,한국투자JPMorgan글로벌하이일드증권자투자신탁H(채권-재간접형)(C-Pe),09M56,09M71,09M81,X,X,X,09M56,한국투자JPMorgan글로벌하이일드증권모투자신탁(USD)(채권-재간접형)
442,09M56,한국투자JPMorgan글로벌하이일드증권모투자신탁(USD)(채권-재간접형),,,09M71,,09M82,한국투자JPMorgan글로벌하이일드증권자투자신탁H(채권-재간접형)(C-R),09M56,09M71,09M82,X,X,X,09M56,한국투자JPMorgan글로벌하이일드증권모투자신탁(USD)(채권-재간접형)
443,09M56,한국투자JPMorgan글로벌하이일드증권모투자신탁(USD)(채권-재간접형),,,09M71,,09M83,한국투자JPMorgan글로벌하이일드증권자투자신탁H(채권-재간접형)(C-Re),09M56,09M71,09M83,X,X,X,09M56,한국투자JPMorgan글로벌하이일드증권모투자신탁(USD)(채권-재간접형)
444,09M56,한국투자JPMorgan글로벌하이일드증권모투자신탁(USD)(채권-재간접형),,,09M71,,09M84,한국투자JPMorgan글로벌하이일드증권자투자신탁H(채권-재간접형)(C-W),09M56,09M71,09M84,X,X,X,09M56,한국투자JPMorgan글로벌하이일드증권모투자신탁(USD)(채권-재간접형)
445,09M56,한국투자JPMorgan글로벌하이일드증권모투자신탁(USD)(채권-재간접형),,,09M85,한국투자JPMorgan글로벌하이일드증권자투자신탁UH(채권-재간접형)(모),09M86,한국투자JPMorgan글로벌하이일드증권자투자신탁UH(채권-재간접형)(A),09M56,09M85,09M86,X,X,X,09M56,한국투자JPMorgan글로벌하이일드증권모투자신탁(USD)(채권-재간접형)
446,09M56,한국투자JPMorgan글로벌하이일드증권모투자신탁(USD)(채권-재간접형),,,09M85,,09M87,한국투자JPMorgan글로벌하이일드증권자투자신탁UH(채권-재간접형)(A1),09M56,09M85,09M87,X,X,X,09M56,한국투자JPMorgan글로벌하이일드증권모투자신탁(USD)(채권-재간접형)
447,09M56,한국투자JPMorgan글로벌하이일드증권모투자신탁(USD)(채권-재간접형),,,09M85,,09M88,한국투자JPMorgan글로벌하이일드증권자투자신탁UH(채권-재간접형)(A-e),09M56,09M85,09M88,X,X,X,09M56,한국투자JPMorgan글로벌하이일드증권모투자신탁(USD)(채권-재간접형)
448,09M56,한국투자JPMorgan글로벌하이일드증권모투자신탁(USD)(채권-재간접형),,,09M85,,09M89,한국투자JPMorgan글로벌하이일드증권자투자신탁UH(채권-재간접형)(A-G),09M56,09M85,09M89,X,X,X,09M56,한국투자JPMorgan글로벌하이일드증권모투자신탁(USD)(채권-재간접형)
449,09M56,한국투자JPMorgan글로벌하이일드증권모투자신탁(USD)(채권-재간접형),,,09M85,,09M90,한국투자JPMorgan글로벌하이일드증권자투자신탁UH(채권-재간접형)(C),09M56,09M85,09M90,X,X,X,09M56,한국투자JPMorgan글로벌하이일드증권모투자신탁(USD)(채권-재간접형)
450,09M56,한국투자JPMorgan글로벌하이일드증권모투자신탁(USD)(채권-재간접형),,,09M85,,09M91,한국투자JPMorgan글로벌하이일드증권자투자신탁UH(채권-재간접형)(C-e),09M56,09M85,09M91,X,X,X,09M56,한국투자JPMorgan글로벌하이일드증권모투자신탁(USD)(채권-재간접형)
451,09M56,한국투자JPMorgan글로벌하이일드증권모투자신탁(USD)(채권-재간접형),,,09M85,,09M92,한국투자JPMorgan글로벌하이일드증권자투자신탁UH(채권-재간접형)(C-F),09M56,09M85,09M92,X,X,X,09M56,한국투자JPMorgan글로벌하이일드증권모투자신탁(USD)(채권-재간접형)
452,09M56,한국투자JPMorgan글로벌하이일드증권모투자신탁(USD)(채권-재간접형),,,09M85,,09M93,한국투자JPMorgan글로벌하이일드증권자투자신탁UH(채권-재간접형)(C-G),09M56,09M85,09M93,X,X,X,09M56,한국투자JPMorgan글로벌하이일드증권모투자신탁(USD)(채권-재간접형)
453,09M56,한국투자JPMorgan글로벌하이일드증권모투자신탁(USD)(채권-재간접형),,,09M85,,09M94,한국투자JPMorgan글로벌하이일드증권자투자신탁UH(채권-재간접형)(C-P),09M56,09M85,09M94,X,X,X,09M56,한국투자JPMorgan글로벌하이일드증권모투자신탁(USD)(채권-재간접형)
454,09M56,한국투자JPMorgan글로벌하이일드증권모투자신탁(USD)(채권-재간접형),,,09M85,,09M95,한국투자JPMorgan글로벌하이일드증권자투자신탁UH(채권-재간접형)(C-Pe),09M56,09M85,09M95,X,X,X,09M56,한국투자JPMorgan글로벌하이일드증권모투자신탁(USD)(채권-재간접형)
455,09M56,한국투자JPMorgan글로벌하이일드증권모투자신탁(USD)(채권-재간접형),,,09M85,,09M96,한국투자JPMorgan글로벌하이일드증권자투자신탁UH(채권-재간접형)(C-R),09M56,09M85,09M96,X,X,X,09M56,한국투자JPMorgan글로벌하이일드증권모투자신탁(USD)(채권-재간접형)
456,09M56,한국투자JPMorgan글로벌하이일드증권모투자신탁(USD)(채권-재간접형),,,09M85,,09M97,한국투자JPMorgan글로벌하이일드증권자투자신탁UH(채권-재간접형)(C-Re),09M56,09M85,09M97,X,X,X,09M56,한국투자JPMorgan글로벌하이일드증권모투자신탁(USD)(채권-재간접형)
457,09M56,한국투자JPMorgan글로벌하이일드증권모투자신탁(USD)(채권-재간접형),,,09M85,,09M98,한국투자JPMorgan글로벌하이일드증권자투자신탁UH(채권-재간접형)(C-W),09M56,09M85,09M98,X,X,X,09M56,한국투자JPMorgan글로벌하이일드증권모투자신탁(USD)(채권-재간접형)
458,09M56,한국투자JPMorgan글로벌하이일드증권모투자신탁(USD)(채권-재간접형),,,09M99,한국투자JPMorgan글로벌하이일드월배당증권자투자신탁(USD)(채권-재간접형)(모),09N01,한국투자JPMorgan글로벌하이일드월배당증권자투자신탁(USD)(채권-재간접형)(A),09M56,09M99,09N01,X,X,X,09M56,한국투자JPMorgan글로벌하이일드증권모투자신탁(USD)(채권-재간접형)
459,09M56,한국투자JPMorgan글로벌하이일드증권모투자신탁(USD)(채권-재간접형),,,09M99,,09N02,한국투자JPMorgan글로벌하이일드월배당증권자투자신탁(USD)(채권-재간접형)(A1),09M56,09M99,09N02,X,X,X,09M56,한국투자JPMorgan글로벌하이일드증권모투자신탁(USD)(채권-재간접형)
460,09M56,한국투자JPMorgan글로벌하이일드증권모투자신탁(USD)(채권-재간접형),,,09M99,,09N03,한국투자JPMorgan글로벌하이일드월배당증권자투자신탁(USD)(채권-재간접형)(A-e),09M56,09M99,09N03,X,X,X,09M56,한국투자JPMorgan글로벌하이일드증권모투자신탁(USD)(채권-재간접형)
461,09M56,한국투자JPMorgan글로벌하이일드증권모투자신탁(USD)(채권-재간접형),,,09M99,,09N04,한국투자JPMorgan글로벌하이일드월배당증권자투자신탁(USD)(채권-재간접형)(A-G),09M56,09M99,09N04,X,X,X,09M56,한국투자JPMorgan글로벌하이일드증권모투자신탁(USD)(채권-재간접형)
462,09M56,한국투자JPMorgan글로벌하이일드증권모투자신탁(USD)(채권-재간접형),,,09M99,,09N05,한국투자JPMorgan글로벌하이일드월배당증권자투자신탁(USD)(채권-재간접형)(C),09M56,09M99,09N05,X,X,X,09M56,한국투자JPMorgan글로벌하이일드증권모투자신탁(USD)(채권-재간접형)
463,09M56,한국투자JPMorgan글로벌하이일드증권모투자신탁(USD)(채권-재간접형),,,09M99,,09N06,한국투자JPMorgan글로벌하이일드월배당증권자투자신탁(USD)(채권-재간접형)(C-e),09M56,09M99,09N06,X,X,X,09M56,한국투자JPMorgan글로벌하이일드증권모투자신탁(USD)(채권-재간접형)
464,09M56,한국투자JPMorgan글로벌하이일드증권모투자신탁(USD)(채권-재간접형),,,09M99,,09N07,한국투자JPMorgan글로벌하이일드월배당증권자투자신탁(USD)(채권-재간접형)(C-F),09M56,09M99,09N07,X,X,X,09M56,한국투자JPMorgan글로벌하이일드증권모투자신탁(USD)(채권-재간접형)
465,09M56,한국투자JPMorgan글로벌하이일드증권모투자신탁(USD)(채권-재간접형),,,09M99,,09N08,한국투자JPMorgan글로벌하이일드월배당증권자투자신탁(USD)(채권-재간접형)(C-G),09M56,09M99,09N08,X,X,X,09M56,한국투자JPMorgan글로벌하이일드증권모투자신탁(USD)(채권-재간접형)
466,09M56,한국투자JPMorgan글로벌하이일드증권모투자신탁(USD)(채권-재간접형),,,09M99,,09N09,한국투자JPMorgan글로벌하이일드월배당증권자투자신탁(USD)(채권-재간접형)(C-P),09M56,09M99,09N09,X,X,X,09M56,한국투자JPMorgan글로벌하이일드증권모투자신탁(USD)(채권-재간접형)
467,09M56,한국투자JPMorgan글로벌하이일드증권모투자신탁(USD)(채권-재간접형),,,09M99,,09N10,한국투자JPMorgan글로벌하이일드월배당증권자투자신탁(USD)(채권-재간접형)(C-Pe),09M56,09M99,09N10,X,X,X,09M56,한국투자JPMorgan글로벌하이일드증권모투자신탁(USD)(채권-재간접형)
468,09M56,한국투자JPMorgan글로벌하이일드증권모투자신탁(USD)(채권-재간접형),,,09M99,,09N11,한국투자JPMorgan글로벌하이일드월배당증권자투자신탁(USD)(채권-재간접형)(C-R),09M56,09M99,09N11,X,X,X,09M56,한국투자JPMorgan글로벌하이일드증권모투자신탁(USD)(채권-재간접형)
469,09M56,한국투자JPMorgan글로벌하이일드증권모투자신탁(USD)(채권-재간접형),,,09M99,,09N12,한국투자JPMorgan글로벌하이일드월배당증권자투자신탁(USD)(채권-재간접형)(C-Re),09M56,09M99,09N12,X,X,X,09M56,한국투자JPMorgan글로벌하이일드증권모투자신탁(USD)(채권-재간접형)
470,09M56,한국투자JPMorgan글로벌하이일드증권모투자신탁(USD)(채권-재간접형),,,09M99,,09N13,한국투자JPMorgan글로벌하이일드월배당증권자투자신탁(USD)(채권-재간접형)(C-W),09M56,09M99,09N13,X,X,X,09M56,한국투자JPMorgan글로벌하이일드증권모투자신탁(USD)(채권-재간접형)
471,09M56,한국투자JPMorgan글로벌하이일드증권모투자신탁(USD)(채권-재간접형),,,09N14,한국투자JPMorgan글로벌하이일드월배당증권자투자신탁H(채권-재간접형)(모),09N15,한국투자JPMorgan글로벌하이일드월배당증권자투자신탁H(채권-재간접형)(A),09M56,09N14,09N15,X,X,X,09M56,한국투자JPMorgan글로벌하이일드증권모투자신탁(USD)(채권-재간접형)
472,09M56,한국투자JPMorgan글로벌하이일드증권모투자신탁(USD)(채권-재간접형),,,09N14,,09N16,한국투자JPMorgan글로벌하이일드월배당증권자투자신탁H(채권-재간접형)(A1),09M56,09N14,09N16,X,X,X,09M56,한국투자JPMorgan글로벌하이일드증권모투자신탁(USD)(채권-재간접형)
473,09M56,한국투자JPMorgan글로벌하이일드증권모투자신탁(USD)(채권-재간접형),,,09N14,,09N17,한국투자JPMorgan글로벌하이일드월배당증권자투자신탁H(채권-재간접형)(A-e),09M56,09N14,09N17,X,X,X,09M56,한국투자JPMorgan글로벌하이일드증권모투자신탁(USD)(채권-재간접형)
474,09M56,한국투자JPMorgan글로벌하이일드증권모투자신탁(USD)(채권-재간접형),,,09N14,,09N18,한국투자JPMorgan글로벌하이일드월배당증권자투자신탁H(채권-재간접형)(A-G),09M56,09N14,09N18,X,X,X,09M56,한국투자JPMorgan글로벌하이일드증권모투자신탁(USD)(채권-재간접형)
475,09M56,한국투자JPMorgan글로벌하이일드증권모투자신탁(USD)(채권-재간접형),,,09N14,,09N19,한국투자JPMorgan글로벌하이일드월배당증권자투자신탁H(채권-재간접형)(C),09M56,09N14,09N19,X,X,X,09M56,한국투자JPMorgan글로벌하이일드증권모투자신탁(USD)(채권-재간접형)
476,09M56,한국투자JPMorgan글로벌하이일드증권모투자신탁(USD)(채권-재간접형),,,09N14,,09N20,한국투자JPMorgan글로벌하이일드월배당증권자투자신탁H(채권-재간접형)(C-e),09M56,09N14,09N20,X,X,X,09M56,한국투자JPMorgan글로벌하이일드증권모투자신탁(USD)(채권-재간접형)
477,09M56,한국투자JPMorgan글로벌하이일드증권모투자신탁(USD)(채권-재간접형),,,09N14,,09N21,한국투자JPMorgan글로벌하이일드월배당증권자투자신탁H(채권-재간접형)(C-F),09M56,09N14,09N21,X,X,X,09M56,한국투자JPMorgan글로벌하이일드증권모투자신탁(USD)(채권-재간접형)
478,09M56,한국투자JPMorgan글로벌하이일드증권모투자신탁(USD)(채권-재간접형),,,09N14,,09N22,한국투자JPMorgan글로벌하이일드월배당증권자투자신탁H(채권-재간접형)(C-G),09M56,09N14,09N22,X,X,X,09M56,한국투자JPMorgan글로벌하이일드증권모투자신탁(USD)(채권-재간접형)
479,09M56,한국투자JPMorgan글로벌하이일드증권모투자신탁(USD)(채권-재간접형),,,09N14,,09N23,한국투자JPMorgan글로벌하이일드월배당증권자투자신탁H(채권-재간접형)(C-P),09M56,09N14,09N23,X,X,X,09M56,한국투자JPMorgan글로벌하이일드증권모투자신탁(USD)(채권-재간접형)
480,09M56,한국투자JPMorgan글로벌하이일드증권모투자신탁(USD)(채권-재간접형),,,09N14,,09N24,한국투자JPMorgan글로벌하이일드월배당증권자투자신탁H(채권-재간접형)(C-Pe),09M56,09N14,09N24,X,X,X,09M56,한국투자JPMorgan글로벌하이일드증권모투자신탁(USD)(채권-재간접형)
481,09M56,한국투자JPMorgan글로벌하이일드증권모투자신탁(USD)(채권-재간접형),,,09N14,,09N25,한국투자JPMorgan글로벌하이일드월배당증권자투자신탁H(채권-재간접형)(C-R),09M56,09N14,09N25,X,X,X,09M56,한국투자JPMorgan글로벌하이일드증권모투자신탁(USD)(채권-재간접형)
482,09M56,한국투자JPMorgan글로벌하이일드증권모투자신탁(USD)(채권-재간접형),,,09N14,,09N26,한국투자JPMorgan글로벌하이일드월배당증권자투자신탁H(채권-재간접형)(C-Re),09M56,09N14,09N26,X,X,X,09M56,한국투자JPMorgan글로벌하이일드증권모투자신탁(USD)(채권-재간접형)
483,09M56,한국투자JPMorgan글로벌하이일드증권모투자신탁(USD)(채권-재간접형),,,09N14,,09N27,한국투자JPMorgan글로벌하이일드월배당증권자투자신탁H(채권-재간접형)(C-W),09M56,09N14,09N27,X,X,X,09M56,한국투자JPMorgan글로벌하이일드증권모투자신탁(USD)(채권-재간접형)
484,,,,0,01179,한국투자신종법인용MMF3호(국공채)(모),05P48,한국투자신종법인용MMF3호(국공채)(C),01179,01179,05P48,X,X,X,01179,한국투자신종법인용MMF3호(국공채)(모)
485,,,,,01179,,05Q80,한국투자신종법인용MMF3호(국공채)(C-R),01179,01179,05Q80,X,X,X,01179,
486,,,,,01179,,05Q81,한국투자신종법인용MMF3호(국공채)(C-Re),01179,01179,05Q81,X,X,X,01179,
487,,,,,01179,,05V17,한국투자신종법인용MMF3호(국공채)(C-I),01179,01179,05V17,X,X,X,01179,
488,,,,,01Z18,한국투자신종법인용MMF1호(모),01191,한국투자신종법인용MMF1호(C),01Z18,01Z18,01191,X,X,X,01Z18,한국투자신종법인용MMF1호(모)
489,,,,,01Z18,,01Z19,한국투자신종법인용MMF1호(C-RJ),01Z18,01Z18,01Z19,X,X,X,01Z18,
490,,,,,01Z18,,01Z25,한국투자신종법인용MMF1호(C-J),01Z18,01Z18,01Z25,X,X,X,01Z18,
491,,,,,01Z18,,01Z26,한국투자신종법인용MMF1호(C-R),01Z18,01Z18,01Z26,X,X,X,01Z18,
492,,,,,01Z18,,01Z32,한국투자신종법인용MMF1호(S),01Z18,01Z18,01Z32,X,X,X,01Z18,
493,,,,,01Z18,,05M33,한국투자신종법인용MMF1호(C-Re),01Z18,01Z18,05M33,X,X,X,01Z18,
494,,,,,01Z21,한국투자신종개인용MMF3호(모),01157,한국투자신종개인용MMF3호(C),01Z21,01Z21,01157,X,X,X,01Z21,한국투자신종개인용MMF3호(모)
495,,,,,01Z21,,01Z22,한국투자신종개인용MMF3호(C-P),01Z21,01Z21,01Z22,X,X,X,01Z21,
496,,,,,01Z21,,01Z30,한국투자신종개인용MMF3호(S),01Z21,01Z21,01Z30,X,X,X,01Z21,
497,,,,,01Z21,,01Z31,한국투자신종개인용MMF3호(S-P),01Z21,01Z21,01Z31,X,X,X,01Z21,
498,,,,,01Z21,,05K85,한국투자신종개인용MMF3호(C-Pe),01Z21,01Z21,05K85,X,X,X,01Z21,
499,,,,,01Z21,,05V16,한국투자신종개인용MMF3호(C-e),01Z21,01Z21,05V16,X,X,X,01Z21,
500,,,,,01Z23,한국투자신종법인용MMF15호(모),34925,한국투자신종법인용MMF15호(C),01Z23,01Z23,34925,X,X,X,01Z23,한국투자신종법인용MMF15호(모)
501,,,,,01Z23,,97000,한국투자신종법인용MMF15호(C-M),01Z23,01Z23,97000,X,X,X,01Z23,
502,,,,,01Z23,,97001,한국투자신종법인용MMF15호(C-J),01Z23,01Z23,97001,X,X,X,01Z23,
503,,,,,01Z27,한국투자신종개인용MMF1호(국공채)(모),01115,한국투자신종개인용MMF1호(국공채)(C),01Z27,01Z27,01115,X,X,X,01Z27,한국투자신종개인용MMF1호(국공채)(모)
504,,,,,01Z27,,01Z29,한국투자신종개인용MMF1호(국공채)(S),01Z27,01Z27,01Z29,X,X,X,01Z27,
505,,,,,01Z27,,05A20,한국투자신종개인용MMF1호(국공채)(C-W),01Z27,01Z27,05A20,X,X,X,01Z27,
506,,,,,01Z27,,05M88,한국투자신종개인용MMF1호(국공채)(C-e),01Z27,01Z27,05M88,X,X,X,01Z27,
507,,,,,02472,한국투자마스터장기증권투자신탁1호(채권)(모),04C79,한국투자마스터장기증권투자신탁1호(채권)(C),02472,02472,04C79,X,X,X,02472,한국투자마스터장기증권투자신탁1호(채권)(모)
508,,,,,02472,,10147,한국투자마스터장기증권투자신탁1호(채권)(C-W),02472,02472,10147,X,X,X,02472,
509,,,,,03W02,한국투자경기민감주목표전환형증권투자신탁2호(채권)(모),03W03,한국투자경기민감주목표전환형증권투자신탁2호(채권)(A),03W02,03W02,03W03,X,X,X,03W02,한국투자경기민감주목표전환형증권투자신탁2호(채권)(모)
510,,,,,03W17,한국투자프리스타일목표전환형증권투자신탁1호(채권)(모),03W18,한국투자프리스타일목표전환형증권투자신탁1호(채권)(A),03W17,03W17,03W18,X,X,X,03W17,한국투자프리스타일목표전환형증권투자신탁1호(채권)(모)
511,,,,,03W17,,03W19,한국투자프리스타일목표전환형증권투자신탁1호(채권)(C),03W17,03W17,03W19,X,X,X,03W17,
512,,,,,04B75,한국투자엄브렐러증권전환형투자신탁1호(채권혼합)(모),04905,한국투자엄브렐러증권전환형투자신탁1호(채권혼합)(A),04B75,04B75,04905,X,X,X,04B75,한국투자엄브렐러증권전환형투자신탁1호(채권혼합)(모)
513,,,,,04B75,,04D92,한국투자엄브렐러증권전환형투자신탁1호(채권혼합)(S),04B75,04B75,04D92,X,X,X,04B75,
514,,,,,04B75,,05V19,한국투자엄브렐러증권전환형투자신탁1호(채권혼합)(C-F),04B75,04B75,05V19,X,X,X,04B75,
515,,,,,04B75,,20084,한국투자엄브렐러증권전환형투자신탁1호(채권혼합)(A-I),04B75,04B75,20084,X,X,X,04B75,
516,,,,,04B75,,20085,한국투자엄브렐러증권전환형투자신탁1호(채권혼합)(A-e),04B75,04B75,20085,X,X,X,04B75,
517,,,,,04C30,한국투자분할매수증권투자신탁1호(채권혼합)(모),04C31,한국투자분할매수증권투자신탁1호(채권혼합)(C),04C30,04C30,04C31,X,X,X,04C30,한국투자분할매수증권투자신탁1호(채권혼합)(모)
518,,,,,04C34,한국투자현대차그룹리딩플러스30증권투자신탁1호(채권혼합)(모),04C35,한국투자현대차그룹리딩플러스30증권투자신탁1호(채권혼합)(C),04C34,04C34,04C35,X,X,X,04C34,한국투자현대차그룹리딩플러스30증권투자신탁1호(채권혼합)(모)
519,,,,,04C34,,04C36,한국투자현대차그룹리딩플러스30증권투자신탁1호(채권혼합)(A),04C34,04C34,04C36,X,X,X,04C34,
520,,,,,04C34,,04C37,한국투자현대차그룹리딩플러스30증권투자신탁1호(채권혼합)(C-e),04C34,04C34,04C37,X,X,X,04C34,
521,,,,,04C34,,04D66,한국투자현대차그룹리딩플러스30증권투자신탁1호(채권혼합)(S),04C34,04C34,04D66,X,X,X,04C34,
522,,,,,04C76,한국투자라이프플랜증권투자신탁1호(채권)(모),02476,한국투자라이프플랜증권투자신탁1호(채권)(C),04C76,04C76,02476,X,X,X,04C76,한국투자라이프플랜증권투자신탁1호(채권)(모)
523,,,,,04C76,,04C82,한국투자라이프플랜증권투자신탁1호(채권)(A-RJ),04C76,04C76,04C82,X,X,X,04C76,
524,,,,,04D51,한국투자롱텀밸류배당30증권투자신탁(채권혼합)(모),04735,한국투자롱텀밸류배당30증권투자신탁(채권혼합)(C),04D51,04D51,04735,X,X,X,04D51,한국투자롱텀밸류배당30증권투자신탁(채권혼합)(모)
525,,,,,04D51,,04D63,한국투자롱텀밸류배당30증권투자신탁(채권혼합)(S),04D51,04D51,04D63,X,X,X,04D51,
526,,,,,04D51,,04N23,한국투자롱텀밸류배당30증권투자신탁(채권혼합)(C-W),04D51,04D51,04N23,X,X,X,04D51,
527,,,,,04D51,,04N24,한국투자롱텀밸류배당30증권투자신탁(채권혼합)(A),04D51,04D51,04N24,X,X,X,04D51,
528,,,,,04D99,한국투자사모중국국유기업증권투자신탁1호(채권)(모),06G22,한국투자사모중국국유기업증권투자신탁1호(채권)(C-F),04D99,04D99,06G22,X,X,X,04D99,한국투자사모중국국유기업증권투자신탁1호(채권)(모)
529,,,,,04D99,,06G23,한국투자사모중국국유기업증권투자신탁1호(채권)(A),04D99,04D99,06G23,X,X,X,04D99,
530,,,,,04X15,한국투자압축포트폴리오프리미어목표전환형증권투자신탁2호(채권),04X16,한국투자압축포트폴리오프리미어목표전환형증권투자신탁2호(채권)(A),04X15,04X15,04X16,X,X,X,04X15,한국투자압축포트폴리오프리미어목표전환형증권투자신탁2호(채권)
531,,,,,04X90,한국투자대표그룹리딩플러스목표전환형증권투자신탁1호(채권)(모),04X91,한국투자대표그룹리딩플러스목표전환형증권투자신탁1호(채권)(A),04X90,04X90,04X91,X,X,X,04X90,한국투자대표그룹리딩플러스목표전환형증권투자신탁1호(채권)(모)
532,,,,,04X90,,04X92,한국투자대표그룹리딩플러스목표전환형증권투자신탁1호(채권)(C),04X90,04X90,04X92,X,X,X,04X90,
533,,,,,05A02,한국투자단기채플러스ESG증권투자신탁(채권)(모),05A04,한국투자단기채플러스ESG증권투자신탁(채권)(C),05A02,05A02,05A04,X,X,X,05A02,한국투자단기채플러스ESG증권투자신탁(채권)(모)
534,,,,,05A02,,05A05,한국투자단기채플러스ESG증권투자신탁(채권)(C-F),05A02,05A02,05A05,X,X,X,05A02,
535,,,,,05A02,,05A06,한국투자단기채플러스ESG증권투자신탁(채권)(C-P),05A02,05A02,05A06,X,X,X,05A02,
536,,,,,05A02,,05A07,한국투자단기채플러스ESG증권투자신탁(채권)(C-R),05A02,05A02,05A07,X,X,X,05A02,
537,,,,,05A02,,05A08,한국투자단기채플러스ESG증권투자신탁(채권)(C-W),05A02,05A02,05A08,X,X,X,05A02,
538,,,,,05A02,,05A09,한국투자단기채플러스ESG증권투자신탁(채권)(S),05A02,05A02,05A09,X,X,X,05A02,
539,,,,,05A02,,05A10,한국투자단기채플러스ESG증권투자신탁(채권)(S-P),05A02,05A02,05A10,X,X,X,05A02,
540,,,,,05A02,,05B37,한국투자단기채플러스ESG증권투자신탁(채권)(A),05A02,05A02,05B37,X,X,X,05A02,
541,,,,,05A02,,05K46,한국투자단기채플러스ESG증권투자신탁(채권)(A-e),05A02,05A02,05K46,X,X,X,05A02,
542,,,,,05A02,,05K47,한국투자단기채플러스ESG증권투자신탁(채권)(C-e),05A02,05A02,05K47,X,X,X,05A02,
543,,,,,05A02,,05K48,한국투자단기채플러스ESG증권투자신탁(채권)(C-Pe),05A02,05A02,05K48,X,X,X,05A02,
544,,,,,05A02,,05K49,한국투자단기채플러스ESG증권투자신탁(채권)(C-Re),05A02,05A02,05K49,X,X,X,05A02,
545,,,,,05A02,,05W89,한국투자단기채플러스ESG증권투자신탁(채권)(A1),05A02,05A02,05W89,X,X,X,05A02,
546,,,,,05A02,,05Z16,한국투자단기채플러스ESG증권투자신탁(채권)(S-R),05A02,05A02,05Z16,X,X,X,05A02,
547,,,,,05B23,한국투자e단기채공모주증권투자신탁(채권혼합)(모),05B24,한국투자e단기채공모주증권투자신탁(채권혼합)(A),05B23,05B23,05B24,X,X,X,05B23,한국투자e단기채공모주증권투자신탁(채권혼합)(모)
548,,,,,05B23,,05B25,한국투자e단기채공모주증권투자신탁(채권혼합)(C),05B23,05B23,05B25,X,X,X,05B23,
549,,,,,05B23,,05B26,한국투자e단기채공모주증권투자신탁(채권혼합)(C-F),05B23,05B23,05B26,X,X,X,05B23,
550,,,,,05B23,,05B27,한국투자e단기채공모주증권투자신탁(채권혼합)(C-P),05B23,05B23,05B27,X,X,X,05B23,
551,,,,,05B54,한국투자법인용MMF2호(국공채)(모),01Z12,한국투자법인용MMF2호(국공채)(C),05B54,05B54,01Z12,X,X,X,05B54,한국투자법인용MMF2호(국공채)(모)
552,,,,,05B54,,05B55,한국투자법인용MMF2호(국공채)(C-I),05B54,05B54,05B55,X,X,X,05B54,
553,,,,,05B54,,05B56,한국투자법인용MMF2호(국공채)(C-J),05B54,05B54,05B56,X,X,X,05B54,
554,,,,,05B61,한국투자만기투자형증권투자신탁(채권혼합)(모),05B63,한국투자만기투자형증권투자신탁(채권혼합)(C-R),05B61,05B61,05B63,X,X,X,05B61,한국투자만기투자형증권투자신탁(채권혼합)(모)
555,,,,,05M02,한국투자신종개인용MMF10호(모),01124,한국투자신종개인용MMF10호(C),05M02,05M02,01124,X,X,X,05M02,한국투자신종개인용MMF10호(모)
556,,,,,05M02,,05M03,한국투자신종개인용MMF10호(C-e),05M02,05M02,05M03,X,X,X,05M02,
557,,,,,05M05,한국투자신종개인용MMF5호(모),05M06,한국투자신종개인용MMF5호(C-e),05M05,05M05,05M06,X,X,X,05M05,한국투자신종개인용MMF5호(모)
558,,,,,05M05,,34905,한국투자신종개인용MMF5호(C),05M05,05M05,34905,X,X,X,05M05,
559,,,,,05N17,한국투자한국의제4차산업혁명목표전환형증권투자신탁1호(채권)(모),05N18,한국투자한국의제4차산업혁명목표전환형증권투자신탁1호(채권)(A),05N17,05N17,05N18,X,X,X,05N17,한국투자한국의제4차산업혁명목표전환형증권투자신탁1호(채권)(모)
560,,,,,05N17,,05N19,한국투자한국의제4차산업혁명목표전환형증권투자신탁1호(채권)(A-e),05N17,05N17,05N19,X,X,X,05N17,
561,,,,,05N17,,05N20,한국투자한국의제4차산업혁명목표전환형증권투자신탁1호(채권)(C),05N17,05N17,05N20,X,X,X,05N17,
562,,,,,05N17,,05N21,한국투자한국의제4차산업혁명목표전환형증권투자신탁1호(채권)(C-e),05N17,05N17,05N21,X,X,X,05N17,
563,,,,,05N17,,05N96,한국투자한국의제4차산업혁명목표전환형증권투자신탁1호(채권)(C-F),05N17,05N17,05N96,X,X,X,05N17,
564,,,,,05Q83,한국투자만기투자형증권투자신탁5호(채권)(모),05Q84,한국투자만기투자형증권투자신탁5호(채권)(C-J),05Q83,05Q83,05Q84,X,X,X,05Q83,한국투자만기투자형증권투자신탁5호(채권)(모)
565,,,,,05Q83,,05Q85,한국투자만기투자형증권투자신탁5호(채권)(C-P),05Q83,05Q83,05Q85,X,X,X,05Q83,
566,,,,,05Q83,,05Q86,한국투자만기투자형증권투자신탁5호(채권)(C-Pe),05Q83,05Q83,05Q86,X,X,X,05Q83,
567,,,,,05Q83,,05Q87,한국투자만기투자형증권투자신탁5호(채권)(C-R),05Q83,05Q83,05Q87,X,X,X,05Q83,
568,,,,,05Q83,,05Q88,한국투자만기투자형증권투자신탁5호(채권)(C-Re),05Q83,05Q83,05Q88,X,X,X,05Q83,
569,,,,,05X07,한국투자경기민감주목표전환형증권투자신탁1호(채권)(모),05X09,한국투자경기민감주목표전환형증권투자신탁1호(채권)(A),05X07,05X07,05X09,X,X,X,05X07,한국투자경기민감주목표전환형증권투자신탁1호(채권)(모)
570,,,,,06F99,한국투자KP플러스증권투자신탁1호(채권)(모),06G02,한국투자KP플러스증권투자신탁1호(채권)(C),06F99,06F99,06G02,X,X,X,06F99,한국투자KP플러스증권투자신탁1호(채권)(모)
571,,,,,06G08,한국투자골드플랜연금증권전환형투자신탁1호(국공채)(모),03555,한국투자골드플랜연금증권전환형투자신탁1호(국공채)(C),06G08,06G08,03555,X,X,X,06G08,한국투자골드플랜연금증권전환형투자신탁1호(국공채)(모)
572,,,,,06G08,,05B32,한국투자골드플랜연금증권전환형투자신탁1호(국공채)(C-e),06G08,06G08,05B32,X,X,X,06G08,
573,,,,,06G08,,06G11,한국투자골드플랜연금증권전환형투자신탁1호(국공채)(S-P),06G08,06G08,06G11,X,X,X,06G08,
574,,,,,06G35,한국투자금리연계전문투자형사모증권투자신탁10호(채권)(모),06G36,한국투자금리연계전문투자형사모증권투자신탁10호(채권)(C),06G35,06G35,06G36,X,X,X,06G35,한국투자금리연계전문투자형사모증권투자신탁10호(채권)(모)
575,,,,,06G35,,06G37,한국투자금리연계전문투자형사모증권투자신탁10호(채권)(C-J),06G35,06G35,06G37,X,X,X,06G35,
576,,,,,06H40,한국투자스마트전문투자형사모투자신탁1호(모),06H42,한국투자스마트전문투자형사모투자신탁1호(C-R),06H40,06H40,06H42,X,X,X,06H40,한국투자스마트전문투자형사모투자신탁1호(모)
577,,,,,06K06,한국투자크레딧전문투자형사모증권투자신탁(채권)(모),06K07,한국투자크레딧전문투자형사모증권투자신탁(채권)(C-J),06K06,06K06,06K07,X,X,X,06K06,한국투자크레딧전문투자형사모증권투자신탁(채권)(모)
578,,,,,06K06,,06K08,한국투자크레딧전문투자형사모증권투자신탁(채권)(C-R),06K06,06K06,06K08,X,X,X,06K06,
579,,,,,06K41,한국투자베이직전문투자형사모증권투자신탁92호(채권)(모),06K42,한국투자베이직전문투자형사모증권투자신탁92호(채권)(C),06K41,06K41,06K42,X,X,X,06K41,한국투자베이직전문투자형사모증권투자신탁92호(채권)(모)
580,,,,,06K41,,06K43,한국투자베이직전문투자형사모증권투자신탁92호(채권)(C-W),06K41,06K41,06K43,X,X,X,06K41,
581,,,,,06W86,한국투자3개월매칭형일반사모증권투자신탁(채권)(모),06W87,한국투자3개월매칭형일반사모증권투자신탁(채권)(C),06W86,06W86,06W87,X,X,X,06W86,한국투자3개월매칭형일반사모증권투자신탁(채권)(모)
582,,,,,06W89,한국투자단기채권형일반사모증권투자신탁(채권)(모),06W90,한국투자단기채권형일반사모증권투자신탁(채권)(C),06W89,06W89,06W90,X,X,X,06W89,한국투자단기채권형일반사모증권투자신탁(채권)(모)
583,,,,,06W92,한국투자6개월매칭형일반사모증권투자신탁(채권)(모),06W93,한국투자6개월매칭형일반사모증권투자신탁(채권)(C),06W92,06W92,06W93,X,X,X,06W92,한국투자6개월매칭형일반사모증권투자신탁(채권)(모)
584,,,,,06Y04,한국투자뉴에이스일반사모증권투자신탁1호(채권)(모),06Y05,한국투자뉴에이스일반사모증권투자신탁1호(채권)(1종),06Y04,06Y04,06Y05,X,X,X,06Y04,한국투자뉴에이스일반사모증권투자신탁1호(채권)(모)
585,,,,,06Y04,,06Y06,한국투자뉴에이스일반사모증권투자신탁1호(채권)(2종),06Y04,06Y04,06Y06,X,X,X,06Y04,
586,,,,,06Y78,한국투자앱솔루트일반사모증권투자신탁1호(채권)(모),06Y79,한국투자앱솔루트일반사모증권투자신탁1호(채권)(C),06Y78,06Y78,06Y79,X,X,X,06Y78,한국투자앱솔루트일반사모증권투자신탁1호(채권)(모)
587,,,,,06Y78,,06Y80,한국투자앱솔루트일반사모증권투자신탁1호(채권)(C-R),06Y78,06Y78,06Y80,X,X,X,06Y78,
588,,,,,06Z12,한국투자뉴에이스일반사모증권투자신탁2호(채권)(모),06Z13,한국투자뉴에이스일반사모증권투자신탁2호(채권)(A),06Z12,06Z12,06Z13,X,X,X,06Z12,한국투자뉴에이스일반사모증권투자신탁2호(채권)(모)
589,,,,,06Z21,한국투자뉴에이스일반사모증권투자신탁3호(채권)(모),06Z22,한국투자뉴에이스일반사모증권투자신탁3호(채권)(1종),06Z21,06Z21,06Z22,X,X,X,06Z21,한국투자뉴에이스일반사모증권투자신탁3호(채권)(모)
590,,,,,06Z21,,06Z23,한국투자뉴에이스일반사모증권투자신탁3호(채권)(2종),06Z21,06Z21,06Z23,X,X,X,06Z21,
591,,,,,06Z57,한국투자뉴에이스일반사모증권투자신탁4호(채권)(모),06Z58,한국투자뉴에이스일반사모증권투자신탁4호(채권)(1종),06Z57,06Z57,06Z58,X,X,X,06Z57,한국투자뉴에이스일반사모증권투자신탁4호(채권)(모)
592,,,,,06Z57,,06Z59,한국투자뉴에이스일반사모증권투자신탁4호(채권)(2종),06Z57,06Z57,06Z59,X,X,X,06Z57,
593,,,,,06Z74,한국투자뉴에이스일반사모증권투자신탁5호(채권)(모),06Z75,한국투자뉴에이스일반사모증권투자신탁5호(채권)(1종),06Z74,06Z74,06Z75,X,X,X,06Z74,한국투자뉴에이스일반사모증권투자신탁5호(채권)(모)
594,,,,,06Z74,,06Z76,한국투자뉴에이스일반사모증권투자신탁5호(채권)(2종),06Z74,06Z74,06Z76,X,X,X,06Z74,
595,,,,,07B03,한국투자시스템알파증권투자신탁(채권-파생형)(모),07B09,한국투자시스템알파증권투자신탁(채권-파생형)(C-W),07B03,07B03,07B09,X,X,X,07B03,한국투자시스템알파증권투자신탁(채권-파생형)(모)
596,,,,,07J04,한국투자크레딧플러스증권투자신탁(채권)(모),07J09,한국투자크레딧플러스증권투자신탁(채권)(C-F),07J04,07J04,07J09,X,X,X,07J04,한국투자크레딧플러스증권투자신탁(채권)(모)
597,,,,,07J04,,07J10,한국투자크레딧플러스증권투자신탁(채권)(C-V),07J04,07J04,07J10,X,X,X,07J04,
598,,,,,07P23,한국투자법인용달러MMF(USD)(모),07P24,한국투자법인용달러MMF(USD)(C),07P23,07P23,07P24,X,X,X,07P23,한국투자법인용달러MMF(USD)(모)
599,,,,,07P23,,07P25,한국투자법인용달러MMF(USD)(C-e),07P23,07P23,07P25,X,X,X,07P23,
600,,,,,07P23,,07P26,한국투자법인용달러MMF(USD)(C-F),07P23,07P23,07P26,X,X,X,07P23,
601,,,,,07P23,,07P27,한국투자법인용달러MMF(USD)(C-I),07P23,07P23,07P27,X,X,X,07P23,
602,,,,,07P23,,07P28,한국투자법인용달러MMF(USD)(C-W),07P23,07P23,07P28,X,X,X,07P23,
603,,,,,07W26,한국투자초단기내일드림증권투자신탁(채권)(모),07W27,한국투자초단기내일드림증권투자신탁(채권)(A),07W26,07W26,07W27,X,X,X,07W26,한국투자초단기내일드림증권투자신탁(채권)(모)
604,,,,,07W26,,07W28,한국투자초단기내일드림증권투자신탁(채권)(A-e),07W26,07W26,07W28,X,X,X,07W26,
605,,,,,07W26,,07W29,한국투자초단기내일드림증권투자신탁(채권)(C),07W26,07W26,07W29,X,X,X,07W26,
606,,,,,07W26,,07W30,한국투자초단기내일드림증권투자신탁(채권)(C-e),07W26,07W26,07W30,X,X,X,07W26,
607,,,,,07W26,,07W31,한국투자초단기내일드림증권투자신탁(채권)(C-F),07W26,07W26,07W31,X,X,X,07W26,
608,,,,,07W26,,07W33,한국투자초단기내일드림증권투자신탁(채권)(C-Pe),07W26,07W26,07W33,X,X,X,07W26,
609,,,,,07W26,,09C84,한국투자초단기내일드림증권투자신탁(채권)(C-Re),07W26,07W26,09C84,X,X,X,07W26,
610,,,,,08L50,한국투자뉴에이스일반사모증권투자신탁6호(채권)(모),08L51,한국투자뉴에이스일반사모증권투자신탁6호(채권)(1종),08L50,08L50,08L51,X,X,X,08L50,한국투자뉴에이스일반사모증권투자신탁6호(채권)(모)
611,,,,,08L50,,08L52,한국투자뉴에이스일반사모증권투자신탁6호(채권)(2종),08L50,08L50,08L52,X,X,X,08L50,
612,,,,,08M60,한국투자뉴에이스일반사모증권투자신탁7호(채권)(모),08M61,한국투자뉴에이스일반사모증권투자신탁7호(채권)(1종),08M60,08M60,08M61,X,X,X,08M60,한국투자뉴에이스일반사모증권투자신탁7호(채권)(모)
613,,,,,08M60,,08M62,한국투자뉴에이스일반사모증권투자신탁7호(채권)(2종),08M60,08M60,08M62,X,X,X,08M60,
614,,,,,08N56,한국투자뉴에이스일반사모증권투자신탁8호(채권)(모),08N57,한국투자뉴에이스일반사모증권투자신탁8호(채권)(1종),08N56,08N56,08N57,X,X,X,08N56,한국투자뉴에이스일반사모증권투자신탁8호(채권)(모)
615,,,,,08N56,,08N58,한국투자뉴에이스일반사모증권투자신탁8호(채권)(2종),08N56,08N56,08N58,X,X,X,08N56,
616,,,,,08P41,한국투자베이직일반사모증권투자신탁137호(채권)(모),08P57,한국투자베이직일반사모증권투자신탁137호(채권)(C),08P41,08P41,08P57,X,X,X,08P41,한국투자베이직일반사모증권투자신탁137호(채권)(모)
617,,,,,08P41,,08P58,한국투자베이직일반사모증권투자신탁137호(채권)(C-W),08P41,08P41,08P58,X,X,X,08P41,
618,,,,,08P52,한국투자뉴에이스일반사모증권투자신탁9호(채권)(모),08P53,한국투자뉴에이스일반사모증권투자신탁9호(채권)(1종),08P52,08P52,08P53,X,X,X,08P52,한국투자뉴에이스일반사모증권투자신탁9호(채권)(모)
619,,,,,08P52,,08P54,한국투자뉴에이스일반사모증권투자신탁9호(채권)(2종),08P52,08P52,08P54,X,X,X,08P52,
620,,,,,08Q12,한국투자뉴에이스일반사모증권투자신탁10호(채권)(모),08Q13,한국투자뉴에이스일반사모증권투자신탁10호(채권)(1종),08Q12,08Q12,08Q13,X,X,X,08Q12,한국투자뉴에이스일반사모증권투자신탁10호(채권)(모)
621,,,,,08Q12,,08Q14,한국투자뉴에이스일반사모증권투자신탁10호(채권)(2종),08Q12,08Q12,08Q14,X,X,X,08Q12,
622,,,,,08Q68,한국투자뉴에이스일반사모증권투자신탁11호(채권)(모),08Q69,한국투자뉴에이스일반사모증권투자신탁11호(채권)(1종),08Q68,08Q68,08Q69,X,X,X,08Q68,한국투자뉴에이스일반사모증권투자신탁11호(채권)(모)
623,,,,,08Q68,,08Q70,한국투자뉴에이스일반사모증권투자신탁11호(채권)(2종),08Q68,08Q68,08Q70,X,X,X,08Q68,
624,,,,,08Q81,한국투자채권인컴손익차등일반사모증권투자신탁(채권)(모),08Q82,한국투자채권인컴손익차등일반사모증권투자신탁(채권)(1종),08Q81,08Q81,08Q82,X,X,X,08Q81,한국투자채권인컴손익차등일반사모증권투자신탁(채권)(모)
625,,,,,08Q81,,08Q83,한국투자채권인컴손익차등일반사모증권투자신탁(채권)(2종),08Q81,08Q81,08Q83,X,X,X,08Q81,
626,,,,,09M13,한국투자TMF26-12만기형증권투자신탁(채권)(모),09M14,한국투자TMF26-12만기형증권투자신탁(채권)(C-F),09M13,09M13,09M14,X,X,X,09M13,한국투자TMF26-12만기형증권투자신탁(채권)(모)
627,,,,,09M13,,09M17,한국투자TMF26-12만기형증권투자신탁(채권)(C-W),09M13,09M13,09M17,X,X,X,09M13,
628,,,,,09M13,,09M26,한국투자TMF26-12만기형증권투자신탁(채권)(C-P),09M13,09M13,09M26,X,X,X,09M13,
629,,,,,09M13,,09M27,한국투자TMF26-12만기형증권투자신탁(채권)(C-Pe),09M13,09M13,09M27,X,X,X,09M13,
630,,,,,09M13,,09M29,한국투자TMF26-12만기형증권투자신탁(채권)(C-Re),09M13,09M13,09M29,X,X,X,09M13,
631,,,,,09M15,한국투자TMF28-12만기형증권투자신탁(채권)(모),09M16,한국투자TMF28-12만기형증권투자신탁(채권)(C-F),09M15,09M15,09M16,X,X,X,09M15,한국투자TMF28-12만기형증권투자신탁(채권)(모)
632,,,,,09M15,,09M18,한국투자TMF28-12만기형증권투자신탁(채권)(C-W),09M15,09M15,09M18,X,X,X,09M15,
633,,,,,09M15,,09M31,한국투자TMF28-12만기형증권투자신탁(채권)(C-Pe),09M15,09M15,09M31,X,X,X,09M15,
634,,,,,09M15,,09M33,한국투자TMF28-12만기형증권투자신탁(채권)(C-Re),09M15,09M15,09M33,X,X,X,09M15,
635,,,,,0JM30,무배당KB퇴직연금실적배당보험 인덱스플러스혼합형1호(모),0JM13,무배당KB퇴직연금실적배당보험 인덱스플러스혼합형1호(A),0JM30,0JM30,0JM13,X,X,X,0JM30,무배당KB퇴직연금실적배당보험 인덱스플러스혼합형1호(모)
636,,,,,0JM30,,0JM34,무배당KB퇴직연금실적배당보험 인덱스플러스혼합형1호(B),0JM30,0JM30,0JM34,X,X,X,0JM30,
637,,,,,0JM61,무배당KB퇴직연금실적배당보험 채권형(모),0JM62,무배당KB퇴직연금실적배당보험 채권형(A),0JM61,0JM61,0JM62,X,X,X,0JM61,무배당KB퇴직연금실적배당보험 채권형(모)
638,,,,,0JM61,,0JM63,무배당KB퇴직연금실적배당보험 채권형(B),0JM61,0JM61,0JM63,X,X,X,0JM61,
639,,,,,0JM71,혼합안정형(퇴직연금)(모),0JM72,혼합안정형(퇴직연금)클래스A,0JM71,0JM71,0JM72,X,X,X,0JM71,혼합안정형(퇴직연금)(모)
640,,,,,0JM96,삼성화재퇴직연금MMF재간접형(모),0JM97,삼성화재퇴직연금MMF재간접형(C),0JM96,0JM96,0JM97,X,X,X,0JM96,삼성화재퇴직연금MMF재간접형(모)
641,,,,,0JM96,,0JM98,삼성화재퇴직연금MMF재간접형(A),0JM96,0JM96,0JM98,X,X,X,0JM96,
642,,,,,1JM16,프로미퇴직연금실적배당채권형2호(모),1JM14,프로미퇴직연금실적배당채권형2호(A),1JM16,1JM16,1JM14,X,X,X,1JM16,프로미퇴직연금실적배당채권형2호(모)
643,,,,,1JM20,한화퇴직연금실적배당보험플러스혼합형(모),0JM20,한화퇴직연금실적배당보험플러스혼합형(A),1JM20,1JM20,0JM20,X,X,X,1JM20,한화퇴직연금실적배당보험플러스혼합형(모)
644,,,,,2JM03,무배당KB퇴직연금실적배당보험 배당주안정형1호(모),2JM04,무배당KB퇴직연금실적배당보험 배당주안정형1호(A),2JM03,2JM03,2JM04,X,X,X,2JM03,무배당KB퇴직연금실적배당보험 배당주안정형1호(모)
645,,,,,2JM03,,2JM05,무배당KB퇴직연금실적배당보험 배당주안정형1호(B),2JM03,2JM03,2JM05,X,X,X,2JM03,
646,,,,,3JM29,한화손보투자적격채권투자일임(모),3JM30,한화손보투자적격채권투자일임(A),3JM29,3JM29,3JM30,X,X,X,3JM29,한화손보투자적격채권투자일임(모)
647,,,,,3JM29,,3JM31,한화손보투자적격채권투자일임(B),3JM29,3JM29,3JM31,X,X,X,3JM29,
